Invoice_ID,Product,Category,City,Quantity,Price,Date,Total
INV1000,Smartphone,Electronics,Bangalore,7,11938.2,2023-06-08,83567.4
INV1001,Headphones,Accessories,Mumbai,4,33758.69,2023-02-06,135034.76
INV1002,Speaker,Electronics,Delhi,8,1475.67,2023-12-24,11805.36
INV1003,Speaker,Electronics,Mumbai,5,5653.37,2023-04-02,28266.85
INV1004,Smartphone,Gadgets,Mumbai,7,40095.85,2023-10-22,280670.95
INV1005,Headphones,Gadgets,Delhi,3,9337.96,2023-12-22,28013.88
INV1006,Speaker,Gadgets,Delhi,7,32810.93,2023-08-25,229676.51
INV1007,Laptop,Gadgets,Hyderabad,8,12290.05,2023-05-19,98320.4
INV1008,Smartphone,Accessories,Delhi,5,5422.35,2023-01-29,27111.75
INV1009,Headphones,Gadgets,Mumbai,4,12537.02,2024-01-01,50148.08
INV1010,Smartphone,Electronics,Mumbai,8,36252.21,2023-01-30,290017.68
INV1011,Charger,Gadgets,Mumbai,8,42856.98,2023-12-22,342855.84
INV1012,Tablet,Accessories,Bangalore,3,41595.88,2023-12-07,124787.64
INV1013,Smartphone,Accessories,Mumbai,6,20160.58,2023-10-17,120963.48
INV1014,Camera,Electronics,Delhi,5,33570.21,2023-09-27,167851.05
INV1015,Smartphone,Electronics,Hyderabad,2,10646.72,2023-05-28,21293.44
INV1016,Charger,Gadgets,Bangalore,8,15010.81,2023-12-24,120086.48
INV1017,Laptop,Electronics,Chennai,6,44868.62,2023-10-04,269211.72
INV1018,Speaker,Accessories,Chennai,2,1143.6,2023-07-23,2287.2
INV1019,Laptop,Accessories,Delhi,5,4732.67,2023-11-22,23663.35
INV1020,Laptop,Gadgets,Mumbai,1,10790.37,2023-03-20,10790.37
INV1021,Charger,Gadgets,Chennai,6,1813.34,2023-07-25,10880.04
INV1022,Smartphone,Electronics,Bangalore,9,9481.05,2023-07-15,85329.45
INV1023,Charger,Accessories,Mumbai,1,29360.56,2023-10-11,29360.56
INV1024,Headphones,Gadgets,Delhi,3,21360.52,2023-01-12,64081.56
INV1025,Laptop,Gadgets,Hyderabad,7,44687.25,2023-11-27,312810.75
INV1026,Smartphone,Gadgets,Bangalore,4,40963.46,2023-12-28,163853.84
INV1027,Camera,Gadgets,Hyderabad,9,17419.96,2023-06-11,156779.64
INV1028,Charger,Accessories,Chennai,3,13341.46,2023-05-13,40024.38
INV1029,Speaker,Gadgets,Hyderabad,5,19294.77,2023-05-13,96473.85
INV1030,Charger,Gadgets,Chennai,3,29719.6,2023-06-29,89158.8
INV1031,Camera,Accessories,Chennai,7,13769.15,2023-01-05,96384.05
INV1032,Smartphone,Accessories,Delhi,5,31395.37,2023-10-29,156976.85
INV1033,Camera,Gadgets,Mumbai,9,20765.88,2023-09-10,186892.92
INV1034,Headphones,Electronics,Mumbai,7,27826.34,2023-08-28,194784.38
INV1035,Headphones,Accessories,Mumbai,2,22088.26,2023-05-25,44176.52
INV1036,Camera,Gadgets,Delhi,4,15076.06,2023-06-02,60304.24
INV1037,Smartphone,Gadgets,Hyderabad,9,47448.44,2023-07-12,427035.96
INV1038,Charger,Accessories,Bangalore,2,38298.49,2023-07-10,76596.98
INV1039,Tablet,Accessories,Hyderabad,9,7435.6,2023-04-15,66920.4
INV1040,Laptop,Accessories,Mumbai,5,43489.16,2023-10-30,217445.8
INV1041,Headphones,Electronics,Delhi,2,24627.84,2023-01-20,49255.68
INV1042,Smartphone,Gadgets,Hyderabad,4,44780.34,2023-01-23,179121.36
INV1043,Charger,Accessories,Hyderabad,7,40092.84,2023-02-13,280649.88
INV1044,Charger,Accessories,Delhi,8,21548.07,2023-07-18,172384.56
INV1045,Smartphone,Accessories,Hyderabad,3,1612.23,2023-10-15,4836.69
INV1046,Speaker,Gadgets,Bangalore,1,13799.53,2023-07-17,13799.53
INV1047,Tablet,Accessories,Bangalore,4,27310.89,2023-03-28,109243.56
INV1048,Charger,Electronics,Chennai,2,31857.17,2023-08-02,63714.34
INV1049,Laptop,Accessories,Bangalore,8,13265.44,2023-12-13,106123.52
INV1050,Tablet,Gadgets,Chennai,4,7398.13,2023-08-06,29592.52
INV1051,Smartphone,Accessories,Chennai,2,41829.05,2023-07-25,83658.1
INV1052,Headphones,Electronics,Hyderabad,6,49227.91,2023-05-17,295367.46
INV1053,Tablet,Gadgets,Chennai,6,26521.66,2023-05-14,159129.96
INV1054,Smartphone,Electronics,Bangalore,4,8998.12,2023-07-20,35992.48
INV1055,Charger,Gadgets,Mumbai,6,13979.21,2023-11-15,83875.26
INV1056,Laptop,Gadgets,Hyderabad,2,1410.34,2023-01-28,2820.68
INV1057,Speaker,Accessories,Bangalore,2,45757.79,2023-06-24,91515.58
INV1058,Laptop,Accessories,Hyderabad,4,6328.68,2023-08-14,25314.72
INV1059,Smartphone,Accessories,Bangalore,8,29037.57,2023-06-20,232300.56
INV1060,Tablet,Gadgets,Mumbai,7,14065.73,2023-01-30,98460.11
INV1061,Speaker,Electronics,Bangalore,9,27931.81,2023-04-15,251386.29
INV1062,Camera,Accessories,Hyderabad,8,32745.31,2023-11-04,261962.48
INV1063,Headphones,Accessories,Chennai,5,41572.22,2023-03-06,207861.1
INV1064,Tablet,Electronics,Delhi,2,10717.85,2023-02-07,21435.7
INV1065,Smartphone,Gadgets,Bangalore,5,1044.29,2023-05-10,5221.45
INV1066,Charger,Electronics,Chennai,8,7275.84,2023-09-22,58206.72
INV1067,Camera,Electronics,Hyderabad,9,45050.92,2023-02-03,405458.28
INV1068,Smartphone,Accessories,Chennai,9,43757.56,2023-08-14,393818.04
INV1069,Smartphone,Accessories,Chennai,1,30071.95,2023-06-05,30071.95
INV1070,Speaker,Accessories,Hyderabad,9,30225.58,2023-12-23,272030.22
INV1071,Headphones,Accessories,Bangalore,7,33419.32,2023-01-09,233935.24
INV1072,Smartphone,Gadgets,Mumbai,9,9180.88,2023-05-28,82627.92
INV1073,Tablet,Accessories,Delhi,8,45763.39,2023-08-04,366107.12
INV1074,Speaker,Electronics,Hyderabad,1,21229.14,2023-03-29,21229.14
INV1075,Laptop,Accessories,Bangalore,8,19465.36,2023-02-13,155722.88
INV1076,Tablet,Accessories,Bangalore,8,26186.43,2023-02-25,209491.44
INV1077,Smartphone,Electronics,Mumbai,3,2824.82,2023-06-08,8474.46
INV1078,Laptop,Gadgets,Mumbai,1,8731.03,2023-01-29,8731.03
INV1079,Camera,Gadgets,Delhi,8,37032.66,2023-02-21,296261.28
INV1080,Tablet,Gadgets,Hyderabad,3,4598.53,2023-03-10,13795.59
INV1081,Speaker,Electronics,Delhi,3,30356.03,2023-01-12,91068.09
INV1082,Tablet,Gadgets,Bangalore,1,12644.78,2023-05-28,12644.78
INV1083,Camera,Gadgets,Chennai,5,19770.13,2023-04-03,98850.65
INV1084,Camera,Accessories,Chennai,7,14790.34,2023-05-08,103532.38
INV1085,Speaker,Electronics,Hyderabad,9,18105.8,2023-04-29,162952.2
INV1086,Camera,Accessories,Bangalore,7,36092.77,2023-11-25,252649.39
INV1087,Speaker,Accessories,Mumbai,9,15207.52,2023-10-24,136867.68
INV1088,Tablet,Accessories,Delhi,8,28537.03,2023-08-09,228296.24
INV1089,Smartphone,Electronics,Hyderabad,2,24064.49,2023-06-07,48128.98
INV1090,Charger,Gadgets,Bangalore,1,33351.72,2023-03-02,33351.72
INV1091,Smartphone,Accessories,Mumbai,7,46873.07,2023-06-03,328111.49
INV1092,Tablet,Electronics,Delhi,7,36762.32,2023-01-13,257336.24
INV1093,Smartphone,Electronics,Chennai,8,11139.55,2023-07-09,89116.4
INV1094,Laptop,Gadgets,Hyderabad,5,2043.57,2023-02-23,10217.85
INV1095,Speaker,Electronics,Bangalore,3,13482.07,2023-08-01,40446.21
INV1096,Tablet,Accessories,Mumbai,8,29956.36,2023-08-10,239650.88
INV1097,Camera,Accessories,Delhi,6,3045.58,2023-08-08,18273.48
INV1098,Smartphone,Gadgets,Bangalore,3,25070.13,2023-05-31,75210.39
INV1099,Charger,Accessories,Bangalore,1,30043.72,2023-08-10,30043.72
INV1100,Charger,Electronics,Hyderabad,3,17045.07,2023-09-25,51135.21
INV1101,Speaker,Accessories,Chennai,5,38660.15,2023-12-23,193300.75
INV1102,Tablet,Accessories,Chennai,3,5776.61,2023-10-15,17329.83
INV1103,Laptop,Electronics,Hyderabad,1,4219.32,2023-11-08,4219.32
INV1104,Headphones,Gadgets,Hyderabad,5,36545.34,2023-10-29,182726.7
INV1105,Charger,Electronics,Chennai,7,25026.82,2023-10-15,175187.74
INV1106,Camera,Gadgets,Chennai,7,34575.92,2023-06-05,242031.44
INV1107,Tablet,Accessories,Mumbai,9,22023.95,2023-05-30,198215.55
INV1108,Smartphone,Gadgets,Chennai,3,12696.9,2023-10-24,38090.7
INV1109,Laptop,Gadgets,Delhi,7,41045.56,2023-05-14,287318.92
INV1110,Laptop,Accessories,Chennai,1,40071.09,2023-04-30,40071.09
INV1111,Smartphone,Electronics,Bangalore,4,34887.48,2023-10-17,139549.92
INV1112,Camera,Accessories,Chennai,4,13971.18,2023-03-21,55884.72
INV1113,Smartphone,Accessories,Bangalore,5,29716.42,2023-09-01,148582.1
INV1114,Speaker,Electronics,Chennai,7,18368.21,2023-02-10,128577.47
INV1115,Tablet,Accessories,Hyderabad,7,5033.31,2023-12-21,35233.17
INV1116,Charger,Gadgets,Hyderabad,4,45907.02,2023-05-07,183628.08
INV1117,Speaker,Gadgets,Bangalore,7,7272.52,2023-04-14,50907.64
INV1118,Speaker,Accessories,Chennai,3,47536.75,2023-07-18,142610.25
INV1119,Tablet,Gadgets,Hyderabad,6,22577.29,2023-09-22,135463.74
INV1120,Speaker,Accessories,Delhi,2,9664.08,2023-03-08,19328.16
INV1121,Laptop,Gadgets,Delhi,9,27324.1,2023-10-09,245916.9
INV1122,Camera,Accessories,Mumbai,5,43710.82,2023-05-16,218554.1
INV1123,Laptop,Electronics,Hyderabad,6,36745.13,2023-02-28,220470.78
INV1124,Smartphone,Accessories,Bangalore,4,40424.78,2023-12-22,161699.12
INV1125,Speaker,Electronics,Delhi,7,33109.78,2023-01-29,231768.46
INV1126,Smartphone,Gadgets,Chennai,9,34767.69,2023-02-09,312909.21
INV1127,Camera,Accessories,Bangalore,7,42535.18,2023-05-24,297746.26
INV1128,Headphones,Gadgets,Delhi,1,12858.57,2023-06-04,12858.57
INV1129,Headphones,Electronics,Chennai,1,24726.54,2023-08-16,24726.54
INV1130,Charger,Electronics,Delhi,9,11449.87,2023-06-08,103048.83
INV1131,Headphones,Gadgets,Mumbai,9,49389.57,2023-01-09,444506.13
INV1132,Headphones,Accessories,Mumbai,4,47230.94,2023-07-29,188923.76
INV1133,Speaker,Gadgets,Hyderabad,9,2451.63,2023-01-23,22064.67
INV1134,Charger,Accessories,Delhi,3,35425.97,2023-10-31,106277.91
INV1135,Smartphone,Accessories,Bangalore,7,46299.79,2023-03-04,324098.53
INV1136,Smartphone,Accessories,Delhi,6,9438.48,2023-06-12,56630.88
INV1137,Headphones,Accessories,Hyderabad,8,28613.29,2023-05-24,228906.32
INV1138,Camera,Gadgets,Chennai,9,45816.67,2023-12-19,412350.03
INV1139,Tablet,Accessories,Delhi,5,2180.33,2023-06-17,10901.65
INV1140,Smartphone,Accessories,Hyderabad,1,35022.3,2023-03-04,35022.3
INV1141,Charger,Accessories,Hyderabad,3,15218.78,2023-03-03,45656.34
INV1142,Laptop,Accessories,Delhi,8,46257.61,2023-11-30,370060.88
INV1143,Tablet,Electronics,Chennai,6,48567.38,2023-10-01,291404.28
INV1144,Camera,Electronics,Delhi,8,47241.19,2023-10-16,377929.52
INV1145,Smartphone,Accessories,Bangalore,9,23973.6,2023-04-28,215762.4
INV1146,Headphones,Gadgets,Mumbai,4,43171.11,2023-06-12,172684.44
INV1147,Camera,Accessories,Mumbai,1,42305.2,2023-09-17,42305.2
INV1148,Speaker,Gadgets,Chennai,1,16295.47,2023-06-02,16295.47
INV1149,Tablet,Gadgets,Delhi,4,41531.32,2023-03-15,166125.28
INV1150,Tablet,Gadgets,Chennai,7,2331.88,2023-11-02,16323.16
INV1151,Smartphone,Electronics,Chennai,2,30015.36,2023-12-22,60030.72
INV1152,Laptop,Gadgets,Bangalore,3,11885.44,2023-03-21,35656.32
INV1153,Camera,Accessories,Mumbai,1,6468.06,2023-01-22,6468.06
INV1154,Headphones,Accessories,Bangalore,5,4309.18,2023-12-03,21545.9
INV1155,Tablet,Accessories,Hyderabad,1,34966.29,2023-01-10,34966.29
INV1156,Camera,Electronics,Bangalore,8,17323.81,2023-04-07,138590.48
INV1157,Speaker,Electronics,Hyderabad,1,36375.96,2023-05-10,36375.96
INV1158,Laptop,Gadgets,Bangalore,1,3735.14,2023-05-16,3735.14
INV1159,Smartphone,Accessories,Hyderabad,2,16106.87,2023-02-24,32213.74
INV1160,Smartphone,Electronics,Hyderabad,2,27204.82,2023-05-13,54409.64
INV1161,Laptop,Gadgets,Hyderabad,6,39640.8,2023-03-13,237844.8
INV1162,Tablet,Gadgets,Bangalore,7,16278.25,2023-09-10,113947.75
INV1163,Tablet,Electronics,Chennai,5,31481.62,2023-08-16,157408.1
INV1164,Camera,Gadgets,Chennai,1,44355.9,2023-05-06,44355.9
INV1165,Laptop,Gadgets,Delhi,1,30985.23,2023-11-29,30985.23
INV1166,Laptop,Gadgets,Hyderabad,3,12031.49,2023-06-25,36094.47
INV1167,Laptop,Electronics,Bangalore,2,1707.84,2023-01-11,3415.68
INV1168,Camera,Gadgets,Bangalore,5,43569.89,2023-05-29,217849.45
INV1169,Camera,Electronics,Hyderabad,6,1552.84,2023-10-31,9317.04
INV1170,Laptop,Accessories,Delhi,7,43797.73,2023-05-05,306584.11
INV1171,Smartphone,Electronics,Mumbai,4,26682.39,2023-08-05,106729.56
INV1172,Charger,Electronics,Chennai,7,46983.85,2023-06-13,328886.95
INV1173,Laptop,Accessories,Chennai,8,40039.77,2023-05-27,320318.16
INV1174,Camera,Accessories,Delhi,1,49897.74,2023-07-18,49897.74
INV1175,Camera,Gadgets,Chennai,6,17860.23,2023-04-22,107161.38
INV1176,Tablet,Accessories,Mumbai,8,38475.82,2023-01-03,307806.56
INV1177,Camera,Electronics,Delhi,5,20395.58,2023-04-09,101977.9
INV1178,Camera,Accessories,Bangalore,4,24253.84,2023-06-17,97015.36
INV1179,Charger,Accessories,Chennai,2,31561.52,2023-12-14,63123.04
INV1180,Headphones,Gadgets,Bangalore,6,43747.02,2023-05-20,262482.12
INV1181,Tablet,Accessories,Chennai,6,49212.13,2023-01-24,295272.78
INV1182,Charger,Accessories,Mumbai,1,38529.53,2023-08-28,38529.53
INV1183,Camera,Gadgets,Hyderabad,9,21179.46,2023-07-15,190615.14
INV1184,Headphones,Gadgets,Bangalore,6,21357.17,2023-02-03,128143.02
INV1185,Tablet,Electronics,Bangalore,3,37010.32,2023-09-03,111030.96
INV1186,Camera,Accessories,Delhi,4,12319.47,2023-06-24,49277.88
INV1187,Charger,Gadgets,Delhi,4,5968.47,2023-04-01,23873.88
INV1188,Speaker,Accessories,Mumbai,3,18053.8,2023-07-10,54161.4
INV1189,Tablet,Gadgets,Chennai,3,14718.33,2023-02-12,44154.99
INV1190,Laptop,Electronics,Chennai,3,15167.25,2023-10-17,45501.75
INV1191,Speaker,Electronics,Bangalore,4,12063.58,2023-04-03,48254.32
INV1192,Laptop,Gadgets,Mumbai,7,2583.61,2023-02-27,18085.27
INV1193,Speaker,Accessories,Chennai,4,1384.76,2023-11-17,5539.04
INV1194,Smartphone,Electronics,Delhi,9,49392.26,2023-08-15,444530.34
INV1195,Camera,Accessories,Hyderabad,1,21674.77,2023-04-27,21674.77
INV1196,Headphones,Accessories,Delhi,8,19524.17,2023-03-11,156193.36
INV1197,Tablet,Gadgets,Hyderabad,7,34142.54,2023-10-05,238997.78
INV1198,Headphones,Electronics,Hyderabad,2,11303.57,2023-09-30,22607.14
INV1199,Laptop,Accessories,Hyderabad,8,47523.08,2023-06-22,380184.64
INV1200,Smartphone,Gadgets,Chennai,1,39424.08,2023-07-07,39424.08
INV1201,Headphones,Accessories,Hyderabad,9,4925.84,2023-06-04,44332.56
INV1202,Smartphone,Gadgets,Hyderabad,9,21170.25,2023-08-07,190532.25
INV1203,Headphones,Electronics,Hyderabad,2,44016.36,2023-10-01,88032.72
INV1204,Laptop,Accessories,Delhi,7,47264.24,2023-03-29,330849.68
INV1205,Smartphone,Electronics,Mumbai,3,23636.37,2023-06-23,70909.11
INV1206,Laptop,Accessories,Hyderabad,7,30863.86,2023-05-21,216047.02
INV1207,Charger,Electronics,Mumbai,9,8768.18,2023-10-26,78913.62
INV1208,Speaker,Electronics,Hyderabad,4,49562.85,2023-05-17,198251.4
INV1209,Smartphone,Gadgets,Delhi,1,11967.75,2023-12-13,11967.75
INV1210,Charger,Gadgets,Mumbai,2,47165.22,2023-03-20,94330.44
INV1211,Headphones,Accessories,Delhi,1,32657.51,2023-06-24,32657.51
INV1212,Laptop,Accessories,Hyderabad,5,30582.97,2023-10-25,152914.85
INV1213,Charger,Accessories,Mumbai,5,25878.08,2023-03-15,129390.4
INV1214,Tablet,Electronics,Delhi,7,11918.16,2023-03-17,83427.12
INV1215,Charger,Electronics,Mumbai,9,9238.14,2023-09-07,83143.26
INV1216,Laptop,Accessories,Chennai,9,11414.07,2023-03-01,102726.63
INV1217,Speaker,Accessories,Delhi,3,9728.69,2023-03-23,29186.07
INV1218,Smartphone,Accessories,Chennai,3,39089.43,2023-03-31,117268.29
INV1219,Laptop,Accessories,Bangalore,3,17831.2,2023-04-17,53493.6
INV1220,Laptop,Electronics,Delhi,4,3363.21,2023-07-13,13452.84
INV1221,Smartphone,Gadgets,Delhi,8,48470.58,2023-04-17,387764.64
INV1222,Headphones,Electronics,Bangalore,6,44247.4,2023-08-26,265484.4
INV1223,Charger,Electronics,Bangalore,8,46423.74,2023-11-14,371389.92
INV1224,Tablet,Accessories,Hyderabad,1,49747.94,2023-09-15,49747.94
INV1225,Headphones,Accessories,Chennai,8,9107.81,2023-02-14,72862.48
INV1226,Speaker,Gadgets,Chennai,4,20113.98,2023-06-09,80455.92
INV1227,Speaker,Accessories,Bangalore,1,38032.8,2023-10-20,38032.8
INV1228,Smartphone,Electronics,Bangalore,8,34953.02,2023-02-04,279624.16
INV1229,Laptop,Electronics,Chennai,4,8117.85,2023-07-08,32471.4
INV1230,Headphones,Electronics,Mumbai,6,40883.74,2023-08-23,245302.44
INV1231,Speaker,Electronics,Mumbai,8,11609.81,2023-10-10,92878.48
INV1232,Laptop,Accessories,Bangalore,4,11578.97,2023-08-25,46315.88
INV1233,Headphones,Accessories,Bangalore,3,27080.23,2023-07-16,81240.69
INV1234,Camera,Accessories,Hyderabad,9,29850.53,2023-08-14,268654.77
INV1235,Smartphone,Gadgets,Hyderabad,3,29214.27,2023-07-10,87642.81
INV1236,Speaker,Accessories,Bangalore,9,5028.6,2023-11-07,45257.4
INV1237,Charger,Accessories,Mumbai,2,43934.31,2023-08-30,87868.62
INV1238,Speaker,Gadgets,Hyderabad,2,13647.2,2023-07-31,27294.4
INV1239,Camera,Electronics,Mumbai,2,6910.99,2023-05-15,13821.98
INV1240,Smartphone,Accessories,Bangalore,6,44493.03,2023-11-09,266958.18
INV1241,Headphones,Accessories,Mumbai,3,47804.75,2023-09-07,143414.25
INV1242,Smartphone,Gadgets,Chennai,9,43175.32,2023-02-15,388577.88
INV1243,Camera,Gadgets,Delhi,4,40571.05,2023-10-26,162284.2
INV1244,Charger,Electronics,Chennai,1,32934.48,2023-06-09,32934.48
INV1245,Charger,Accessories,Delhi,4,27767.44,2023-05-01,111069.76
INV1246,Tablet,Accessories,Delhi,1,4805.84,2023-05-21,4805.84
INV1247,Charger,Electronics,Chennai,5,20718.43,2023-09-29,103592.15
INV1248,Tablet,Gadgets,Hyderabad,4,18948.08,2023-03-22,75792.32
INV1249,Headphones,Gadgets,Mumbai,8,13357.81,2023-11-11,106862.48
INV1250,Camera,Gadgets,Delhi,8,36309.3,2023-06-04,290474.4
INV1251,Charger,Accessories,Chennai,7,25045.85,2023-10-13,175320.95
INV1252,Tablet,Electronics,Bangalore,3,4511.79,2023-06-23,13535.37
INV1253,Camera,Accessories,Mumbai,1,11399.07,2023-11-21,11399.07
INV1254,Smartphone,Electronics,Delhi,1,34321.31,2023-04-30,34321.31
INV1255,Smartphone,Gadgets,Mumbai,3,4268.48,2023-09-17,12805.44
INV1256,Smartphone,Gadgets,Bangalore,6,42634.74,2023-09-06,255808.44
INV1257,Tablet,Electronics,Chennai,7,25009.75,2023-04-01,175068.25
INV1258,Camera,Gadgets,Delhi,6,24289.04,2023-10-10,145734.24
INV1259,Camera,Electronics,Mumbai,6,29824.19,2023-08-24,178945.14
INV1260,Charger,Gadgets,Bangalore,6,41321.71,2023-05-07,247930.26
INV1261,Tablet,Electronics,Hyderabad,3,17716.56,2023-03-10,53149.68
INV1262,Laptop,Accessories,Mumbai,6,34061.8,2023-06-21,204370.8
INV1263,Speaker,Electronics,Hyderabad,8,28503.73,2023-11-02,228029.84
INV1264,Speaker,Accessories,Mumbai,2,13717.9,2023-12-14,27435.8
INV1265,Camera,Electronics,Mumbai,5,43992.18,2023-09-09,219960.9
INV1266,Laptop,Accessories,Mumbai,1,39972.59,2023-12-05,39972.59
INV1267,Laptop,Electronics,Mumbai,1,33093.37,2023-07-09,33093.37
INV1268,Charger,Gadgets,Bangalore,5,42603.8,2023-02-13,213019.0
INV1269,Charger,Electronics,Bangalore,3,43431.06,2023-04-09,130293.18
INV1270,Smartphone,Accessories,Delhi,4,35563.97,2023-10-11,142255.88
INV1271,Laptop,Electronics,Bangalore,3,41932.16,2023-01-23,125796.48
INV1272,Camera,Electronics,Chennai,1,35024.84,2023-09-05,35024.84
INV1273,Camera,Electronics,Mumbai,1,34166.97,2023-11-20,34166.97
INV1274,Tablet,Accessories,Hyderabad,5,31121.26,2023-09-12,155606.3
INV1275,Smartphone,Gadgets,Bangalore,6,37759.47,2023-09-30,226556.82
INV1276,Laptop,Electronics,Mumbai,3,8350.95,2023-09-24,25052.85
INV1277,Speaker,Gadgets,Mumbai,9,44103.1,2023-07-25,396927.9
INV1278,Tablet,Gadgets,Hyderabad,5,43656.25,2023-11-15,218281.25
INV1279,Camera,Accessories,Delhi,8,1947.74,2023-08-18,15581.92
INV1280,Camera,Accessories,Delhi,1,41377.93,2023-08-02,41377.93
INV1281,Headphones,Accessories,Hyderabad,5,6879.06,2023-05-19,34395.3
INV1282,Camera,Accessories,Hyderabad,3,17088.38,2023-12-19,51265.14
INV1283,Charger,Accessories,Mumbai,1,37303.66,2023-01-26,37303.66
INV1284,Headphones,Accessories,Chennai,4,8457.61,2023-11-01,33830.44
INV1285,Laptop,Gadgets,Delhi,5,40989.37,2023-05-29,204946.85
INV1286,Camera,Gadgets,Bangalore,7,41690.64,2023-10-01,291834.48
INV1287,Tablet,Gadgets,Hyderabad,1,25619.65,2023-01-10,25619.65
INV1288,Speaker,Electronics,Delhi,3,816.1,2023-03-17,2448.3
INV1289,Speaker,Accessories,Chennai,2,14708.39,2023-10-18,29416.78
INV1290,Headphones,Accessories,Bangalore,9,31037.88,2023-12-13,279340.92
INV1291,Speaker,Electronics,Chennai,6,49068.72,2023-08-11,294412.32
INV1292,Camera,Gadgets,Hyderabad,3,31774.77,2023-05-08,95324.31
INV1293,Charger,Gadgets,Delhi,8,13360.28,2023-10-11,106882.24
INV1294,Smartphone,Accessories,Chennai,8,31883.28,2023-06-05,255066.24
INV1295,Headphones,Accessories,Delhi,2,27229.28,2023-06-22,54458.56
INV1296,Headphones,Gadgets,Hyderabad,6,39102.35,2023-08-01,234614.1
INV1297,Speaker,Accessories,Hyderabad,7,5795.54,2023-05-13,40568.78
INV1298,Headphones,Gadgets,Hyderabad,2,38170.88,2023-10-31,76341.76
INV1299,Smartphone,Electronics,Delhi,2,27292.7,2023-06-18,54585.4
INV1300,Smartphone,Electronics,Delhi,1,48168.1,2023-05-14,48168.1
INV1301,Speaker,Electronics,Chennai,8,17422.67,2023-07-20,139381.36
INV1302,Charger,Gadgets,Mumbai,1,31814.78,2023-07-25,31814.78
INV1303,Tablet,Accessories,Hyderabad,9,46635.39,2023-03-17,419718.51
INV1304,Headphones,Electronics,Delhi,6,5574.23,2023-07-18,33445.38
INV1305,Tablet,Electronics,Bangalore,7,46892.81,2023-10-29,328249.67
INV1306,Headphones,Accessories,Mumbai,7,34550.34,2023-08-03,241852.38
INV1307,Headphones,Gadgets,Hyderabad,3,3857.93,2023-09-08,11573.79
INV1308,Speaker,Electronics,Delhi,2,15397.7,2023-05-23,30795.4
INV1309,Smartphone,Electronics,Delhi,9,35554.52,2023-01-01,319990.68
INV1310,Smartphone,Accessories,Mumbai,8,3833.85,2023-10-18,30670.8
INV1311,Smartphone,Accessories,Mumbai,7,29317.44,2023-05-27,205222.08
INV1312,Smartphone,Gadgets,Mumbai,9,17621.21,2023-07-29,158590.89
INV1313,Tablet,Electronics,Chennai,4,31235.32,2023-02-16,124941.28
INV1314,Headphones,Accessories,Bangalore,4,2764.23,2023-10-14,11056.92
INV1315,Headphones,Gadgets,Delhi,1,43641.07,2023-10-28,43641.07
INV1316,Laptop,Gadgets,Chennai,8,48687.7,2023-08-24,389501.6
INV1317,Charger,Electronics,Delhi,3,48459.45,2023-03-08,145378.35
INV1318,Smartphone,Accessories,Delhi,7,37607.77,2023-09-01,263254.39
INV1319,Charger,Accessories,Chennai,2,6939.27,2023-10-23,13878.54
INV1320,Laptop,Electronics,Delhi,2,38034.03,2023-05-23,76068.06
INV1321,Smartphone,Electronics,Bangalore,7,1717.05,2023-11-16,12019.35
INV1322,Laptop,Gadgets,Mumbai,6,1595.12,2023-09-06,9570.72
INV1323,Tablet,Electronics,Delhi,3,16518.71,2023-10-08,49556.13
INV1324,Speaker,Electronics,Chennai,9,24687.84,2023-07-22,222190.56
INV1325,Laptop,Accessories,Chennai,6,38635.17,2023-03-13,231811.02
INV1326,Camera,Accessories,Bangalore,6,34323.12,2023-03-12,205938.72
INV1327,Camera,Accessories,Hyderabad,1,22572.18,2023-11-12,22572.18
INV1328,Tablet,Accessories,Delhi,4,14044.52,2023-05-02,56178.08
INV1329,Charger,Electronics,Hyderabad,6,49857.66,2023-05-31,299145.96
INV1330,Camera,Gadgets,Hyderabad,6,21595.97,2023-05-25,129575.82
INV1331,Headphones,Accessories,Delhi,5,22843.66,2023-05-14,114218.3
INV1332,Headphones,Gadgets,Bangalore,1,8599.38,2023-05-12,8599.38
INV1333,Laptop,Accessories,Hyderabad,8,39843.07,2023-07-25,318744.56
INV1334,Speaker,Electronics,Bangalore,5,34837.27,2023-10-06,174186.35
INV1335,Camera,Gadgets,Bangalore,5,11428.1,2023-11-26,57140.5
INV1336,Headphones,Accessories,Mumbai,7,4577.86,2023-09-16,32045.02
INV1337,Charger,Electronics,Hyderabad,4,34184.72,2023-07-19,136738.88
INV1338,Laptop,Accessories,Bangalore,6,32898.31,2023-06-03,197389.86
INV1339,Headphones,Electronics,Mumbai,4,14026.35,2023-04-24,56105.4
INV1340,Tablet,Gadgets,Mumbai,3,47567.75,2023-11-18,142703.25
INV1341,Speaker,Gadgets,Mumbai,7,7977.37,2023-02-19,55841.59
INV1342,Tablet,Electronics,Hyderabad,8,21900.57,2023-12-24,175204.56
INV1343,Camera,Accessories,Mumbai,4,47208.99,2023-06-10,188835.96
INV1344,Smartphone,Gadgets,Hyderabad,2,21276.5,2023-11-10,42553.0
INV1345,Smartphone,Accessories,Hyderabad,3,32107.03,2023-03-28,96321.09
INV1346,Camera,Electronics,Chennai,1,20180.92,2023-09-28,20180.92
INV1347,Smartphone,Electronics,Chennai,8,14073.65,2023-07-23,112589.2
INV1348,Charger,Electronics,Delhi,3,49206.89,2023-04-07,147620.67
INV1349,Camera,Gadgets,Chennai,7,20762.03,2023-10-30,145334.21
INV1350,Smartphone,Electronics,Hyderabad,5,44757.91,2023-03-26,223789.55
INV1351,Charger,Gadgets,Chennai,5,11882.75,2023-10-29,59413.75
INV1352,Smartphone,Electronics,Bangalore,7,11048.68,2023-11-18,77340.76
INV1353,Headphones,Gadgets,Delhi,9,2041.14,2023-09-28,18370.26
INV1354,Tablet,Gadgets,Chennai,5,32757.51,2023-03-30,163787.55
INV1355,Tablet,Electronics,Chennai,1,18742.05,2023-02-11,18742.05
INV1356,Speaker,Gadgets,Mumbai,1,43285.73,2023-07-10,43285.73
INV1357,Tablet,Accessories,Delhi,2,23923.89,2023-01-24,47847.78
INV1358,Smartphone,Electronics,Delhi,6,48425.57,2023-12-28,290553.42
INV1359,Laptop,Gadgets,Chennai,9,9683.51,2023-02-15,87151.59
INV1360,Camera,Electronics,Bangalore,8,43496.85,2023-12-20,347974.8
INV1361,Tablet,Gadgets,Hyderabad,5,38941.54,2023-05-26,194707.7
INV1362,Smartphone,Electronics,Chennai,1,38660.63,2023-07-12,38660.63
INV1363,Laptop,Gadgets,Chennai,7,42316.77,2023-03-19,296217.39
INV1364,Laptop,Accessories,Chennai,5,38170.69,2023-02-09,190853.45
INV1365,Speaker,Accessories,Chennai,6,31497.91,2023-02-19,188987.46
INV1366,Headphones,Electronics,Delhi,7,6996.62,2023-09-24,48976.34
INV1367,Headphones,Accessories,Chennai,3,2110.05,2023-03-15,6330.15
INV1368,Laptop,Gadgets,Hyderabad,3,46081.97,2023-03-04,138245.91
INV1369,Charger,Electronics,Bangalore,5,31024.19,2023-08-02,155120.95
INV1370,Laptop,Gadgets,Bangalore,6,39928.6,2023-12-26,239571.6
INV1371,Tablet,Electronics,Bangalore,9,24335.36,2023-02-24,219018.24
INV1372,Headphones,Accessories,Mumbai,5,6306.76,2023-03-23,31533.8
INV1373,Laptop,Gadgets,Delhi,1,6696.7,2023-06-09,6696.7
INV1374,Charger,Electronics,Bangalore,4,34435.48,2023-09-14,137741.92
INV1375,Camera,Gadgets,Bangalore,5,21800.14,2023-01-02,109000.7
INV1376,Headphones,Gadgets,Bangalore,5,10425.97,2023-06-16,52129.85
INV1377,Camera,Gadgets,Delhi,7,24833.93,2023-11-13,173837.51
INV1378,Charger,Electronics,Delhi,4,3678.34,2023-12-22,14713.36
INV1379,Charger,Accessories,Bangalore,1,29307.58,2023-01-12,29307.58
INV1380,Camera,Accessories,Bangalore,5,13815.17,2023-01-02,69075.85
INV1381,Camera,Accessories,Bangalore,7,39979.18,2023-03-02,279854.26
INV1382,Charger,Gadgets,Delhi,6,15862.92,2023-08-05,95177.52
INV1383,Tablet,Gadgets,Chennai,5,23033.4,2023-03-30,115167.0
INV1384,Camera,Gadgets,Mumbai,4,1075.22,2023-07-15,4300.88
INV1385,Speaker,Electronics,Mumbai,2,4086.12,2023-09-12,8172.24
INV1386,Camera,Electronics,Chennai,4,19928.43,2023-06-26,79713.72
INV1387,Headphones,Accessories,Chennai,3,24256.97,2023-11-10,72770.91
INV1388,Tablet,Electronics,Chennai,1,30201.02,2023-03-01,30201.02
INV1389,Speaker,Accessories,Delhi,8,14937.3,2023-07-20,119498.4
INV1390,Speaker,Accessories,Chennai,5,34901.6,2023-09-13,174508.0
INV1391,Headphones,Accessories,Mumbai,4,43076.06,2023-07-11,172304.24
INV1392,Smartphone,Electronics,Hyderabad,8,39102.62,2023-06-27,312820.96
INV1393,Laptop,Electronics,Delhi,7,2461.13,2023-10-15,17227.91
INV1394,Smartphone,Gadgets,Delhi,2,24285.09,2023-10-08,48570.18
INV1395,Laptop,Electronics,Delhi,1,5694.04,2023-03-06,5694.04
INV1396,Laptop,Electronics,Chennai,4,12481.23,2023-04-22,49924.92
INV1397,Tablet,Electronics,Mumbai,8,49339.8,2023-08-05,394718.4
INV1398,Tablet,Accessories,Bangalore,2,7553.53,2023-09-19,15107.06
INV1399,Camera,Electronics,Delhi,3,25194.96,2023-11-11,75584.88
INV1400,Charger,Accessories,Bangalore,1,31098.71,2023-10-03,31098.71
INV1401,Smartphone,Electronics,Mumbai,1,35272.02,2023-10-18,35272.02
INV1402,Speaker,Accessories,Mumbai,3,28202.61,2023-12-14,84607.83
INV1403,Headphones,Gadgets,Chennai,5,983.66,2023-06-17,4918.3
INV1404,Speaker,Gadgets,Chennai,3,16659.83,2023-01-28,49979.49
INV1405,Laptop,Gadgets,Bangalore,1,26126.73,2023-05-08,26126.73
INV1406,Tablet,Electronics,Delhi,1,4849.39,2023-02-10,4849.39
INV1407,Laptop,Gadgets,Hyderabad,8,17856.03,2023-03-21,142848.24
INV1408,Headphones,Electronics,Bangalore,2,2143.55,2023-11-10,4287.1
INV1409,Charger,Accessories,Mumbai,3,4389.64,2023-01-14,13168.92
INV1410,Speaker,Accessories,Chennai,2,20147.7,2023-06-30,40295.4
INV1411,Camera,Gadgets,Chennai,3,7069.43,2023-04-30,21208.29
INV1412,Laptop,Electronics,Bangalore,7,28593.27,2023-06-24,200152.89
INV1413,Laptop,Gadgets,Chennai,1,34628.52,2023-08-08,34628.52
INV1414,Charger,Gadgets,Chennai,8,40129.04,2023-06-12,321032.32
INV1415,Charger,Electronics,Chennai,2,10407.44,2023-08-13,20814.88
INV1416,Headphones,Electronics,Hyderabad,3,8790.39,2023-03-20,26371.17
INV1417,Speaker,Gadgets,Mumbai,9,5676.11,2023-06-29,51084.99
INV1418,Headphones,Gadgets,Mumbai,7,32003.3,2023-11-08,224023.1
INV1419,Laptop,Accessories,Mumbai,4,35470.55,2023-01-07,141882.2
INV1420,Tablet,Accessories,Hyderabad,5,2063.51,2023-07-08,10317.55
INV1421,Smartphone,Gadgets,Mumbai,2,46842.51,2023-03-01,93685.02
INV1422,Camera,Gadgets,Bangalore,8,3072.58,2023-09-07,24580.64
INV1423,Tablet,Electronics,Delhi,4,27294.17,2023-03-18,109176.68
INV1424,Tablet,Accessories,Bangalore,9,35598.5,2023-05-31,320386.5
INV1425,Charger,Accessories,Hyderabad,5,43612.97,2023-10-21,218064.85
INV1426,Smartphone,Gadgets,Chennai,9,35847.3,2023-08-20,322625.7
INV1427,Charger,Electronics,Bangalore,4,40185.54,2023-05-19,160742.16
INV1428,Laptop,Electronics,Hyderabad,5,17302.78,2023-02-19,86513.9
INV1429,Speaker,Electronics,Bangalore,9,40833.84,2023-05-23,367504.56
INV1430,Headphones,Gadgets,Mumbai,8,4465.68,2023-04-30,35725.44
INV1431,Charger,Electronics,Delhi,3,44793.42,2023-10-16,134380.26
INV1432,Tablet,Accessories,Mumbai,1,27605.82,2023-08-08,27605.82
INV1433,Tablet,Accessories,Mumbai,3,40956.24,2023-02-02,122868.72
INV1434,Tablet,Gadgets,Mumbai,4,22889.76,2023-10-20,91559.04
INV1435,Headphones,Accessories,Mumbai,2,32357.1,2023-03-09,64714.2
INV1436,Camera,Accessories,Hyderabad,1,26556.93,2023-02-12,26556.93
INV1437,Laptop,Gadgets,Bangalore,7,36713.68,2023-08-29,256995.76
INV1438,Tablet,Electronics,Mumbai,8,4540.68,2023-03-15,36325.44
INV1439,Charger,Accessories,Mumbai,7,3487.43,2023-07-03,24412.01
INV1440,Tablet,Accessories,Delhi,5,12731.61,2023-12-06,63658.05
INV1441,Charger,Accessories,Bangalore,1,8397.46,2023-01-11,8397.46
INV1442,Headphones,Electronics,Delhi,7,43653.29,2023-08-18,305573.03
INV1443,Tablet,Accessories,Chennai,7,11351.09,2023-09-17,79457.63
INV1444,Smartphone,Accessories,Delhi,9,48805.33,2023-02-15,439247.97
INV1445,Speaker,Gadgets,Hyderabad,3,17176.34,2023-04-26,51529.02
INV1446,Speaker,Accessories,Delhi,9,9514.84,2023-06-12,85633.56
INV1447,Laptop,Accessories,Hyderabad,1,39590.08,2023-02-23,39590.08
INV1448,Smartphone,Gadgets,Delhi,1,33106.03,2023-05-05,33106.03
INV1449,Laptop,Accessories,Chennai,4,25160.69,2023-07-12,100642.76
INV1450,Laptop,Electronics,Bangalore,9,27990.5,2023-01-17,251914.5
INV1451,Smartphone,Gadgets,Hyderabad,6,36100.49,2023-02-09,216602.94
INV1452,Tablet,Gadgets,Chennai,3,11808.51,2023-05-13,35425.53
INV1453,Tablet,Gadgets,Chennai,1,49818.53,2023-06-06,49818.53
INV1454,Camera,Gadgets,Chennai,4,48752.26,2023-01-24,195009.04
INV1455,Smartphone,Gadgets,Delhi,9,32691.12,2023-05-19,294220.08
INV1456,Speaker,Accessories,Chennai,3,10377.35,2023-08-19,31132.05
INV1457,Smartphone,Accessories,Bangalore,9,34171.3,2023-07-26,307541.7
INV1458,Smartphone,Electronics,Mumbai,7,4073.82,2023-05-01,28516.74
INV1459,Headphones,Gadgets,Chennai,4,2017.3,2023-07-08,8069.2
INV1460,Headphones,Accessories,Bangalore,3,13255.3,2023-10-03,39765.9
INV1461,Charger,Gadgets,Chennai,5,23399.84,2023-05-19,116999.2
INV1462,Speaker,Electronics,Delhi,5,43479.49,2023-07-15,217397.45
INV1463,Camera,Gadgets,Hyderabad,3,36494.87,2023-10-06,109484.61
INV1464,Laptop,Accessories,Mumbai,9,37263.97,2023-11-14,335375.73
INV1465,Headphones,Gadgets,Chennai,4,21561.92,2023-09-28,86247.68
INV1466,Tablet,Gadgets,Mumbai,5,17623.78,2023-06-04,88118.9
INV1467,Speaker,Accessories,Bangalore,4,18866.42,2023-06-17,75465.68
INV1468,Camera,Accessories,Mumbai,5,49388.65,2023-08-14,246943.25
INV1469,Charger,Gadgets,Mumbai,7,2485.4,2023-01-13,17397.8
INV1470,Speaker,Electronics,Bangalore,9,43418.06,2023-06-28,390762.54
INV1471,Charger,Electronics,Chennai,7,29144.43,2023-08-07,204011.01
INV1472,Smartphone,Electronics,Bangalore,5,22211.46,2023-11-05,111057.3
INV1473,Speaker,Accessories,Hyderabad,7,36400.25,2023-09-04,254801.75
INV1474,Smartphone,Electronics,Delhi,5,24590.11,2023-11-24,122950.55
INV1475,Charger,Gadgets,Hyderabad,3,43734.45,2023-01-10,131203.35
INV1476,Laptop,Electronics,Mumbai,7,45084.74,2023-04-10,315593.18
INV1477,Camera,Accessories,Bangalore,2,21375.19,2023-02-22,42750.38
INV1478,Laptop,Accessories,Bangalore,9,14202.98,2023-03-11,127826.82
INV1479,Speaker,Electronics,Mumbai,1,29821.34,2023-11-16,29821.34
INV1480,Headphones,Electronics,Delhi,6,45661.99,2023-01-27,273971.94
INV1481,Camera,Accessories,Bangalore,7,10927.78,2023-06-04,76494.46
INV1482,Tablet,Gadgets,Bangalore,8,31336.85,2023-03-09,250694.8
INV1483,Tablet,Gadgets,Chennai,9,31762.23,2023-09-28,285860.07
INV1484,Laptop,Gadgets,Bangalore,2,36789.09,2023-02-23,73578.18
INV1485,Headphones,Gadgets,Hyderabad,2,7012.6,2023-02-02,14025.2
INV1486,Charger,Accessories,Chennai,5,35933.34,2023-05-11,179666.7
INV1487,Speaker,Electronics,Chennai,5,45497.11,2023-05-21,227485.55
INV1488,Charger,Gadgets,Bangalore,6,9394.31,2023-05-29,56365.86
INV1489,Camera,Electronics,Bangalore,3,12258.39,2023-11-21,36775.17
INV1490,Speaker,Electronics,Delhi,8,48584.06,2023-07-25,388672.48
INV1491,Speaker,Electronics,Bangalore,1,9458.36,2023-06-21,9458.36
INV1492,Smartphone,Gadgets,Bangalore,6,42792.06,2023-04-14,256752.36
INV1493,Laptop,Gadgets,Bangalore,4,24867.75,2023-12-27,99471.0
INV1494,Laptop,Gadgets,Chennai,1,12737.94,2023-12-04,12737.94
INV1495,Camera,Accessories,Hyderabad,7,43602.12,2023-06-03,305214.84
INV1496,Smartphone,Electronics,Bangalore,9,22542.61,2023-06-01,202883.49
INV1497,Smartphone,Electronics,Delhi,4,25983.46,2023-11-03,103933.84
INV1498,Smartphone,Gadgets,Mumbai,4,18282.05,2023-10-25,73128.2
INV1499,Camera,Accessories,Bangalore,6,29851.07,2023-10-16,179106.42
INV1500,Laptop,Gadgets,Delhi,3,8594.43,2023-04-02,25783.29
INV1501,Camera,Gadgets,Chennai,6,19858.54,2023-08-03,119151.24
INV1502,Charger,Accessories,Mumbai,7,48485.91,2023-03-17,339401.37
INV1503,Headphones,Electronics,Mumbai,3,13277.6,2023-02-26,39832.8
INV1504,Smartphone,Electronics,Mumbai,7,33008.46,2023-08-01,231059.22
INV1505,Speaker,Electronics,Chennai,3,16596.91,2023-04-15,49790.73
INV1506,Headphones,Gadgets,Bangalore,2,38786.92,2023-04-10,77573.84
INV1507,Laptop,Electronics,Hyderabad,4,6978.25,2023-10-02,27913.0
INV1508,Smartphone,Electronics,Delhi,8,48506.14,2023-12-05,388049.12
INV1509,Speaker,Electronics,Mumbai,9,22962.58,2023-08-17,206663.22
INV1510,Speaker,Accessories,Hyderabad,7,12184.5,2023-07-23,85291.5
INV1511,Laptop,Accessories,Bangalore,1,4138.09,2023-01-09,4138.09
INV1512,Camera,Gadgets,Mumbai,3,8903.02,2023-05-14,26709.06
INV1513,Smartphone,Gadgets,Chennai,9,26228.81,2023-06-28,236059.29
INV1514,Tablet,Electronics,Chennai,1,17181.66,2023-10-21,17181.66
INV1515,Camera,Gadgets,Chennai,9,41529.73,2023-07-03,373767.57
INV1516,Speaker,Electronics,Bangalore,8,21828.93,2023-07-16,174631.44
INV1517,Smartphone,Electronics,Bangalore,1,12811.36,2023-01-16,12811.36
INV1518,Smartphone,Accessories,Hyderabad,6,31048.68,2023-04-28,186292.08
INV1519,Headphones,Electronics,Bangalore,5,35485.47,2023-03-17,177427.35
INV1520,Camera,Electronics,Bangalore,6,8768.57,2023-03-01,52611.42
INV1521,Speaker,Electronics,Chennai,5,8797.15,2023-10-31,43985.75
INV1522,Smartphone,Electronics,Delhi,6,2315.24,2023-06-20,13891.44
INV1523,Tablet,Accessories,Hyderabad,5,36951.9,2023-02-05,184759.5
INV1524,Headphones,Gadgets,Chennai,5,33358.32,2023-04-03,166791.6
INV1525,Speaker,Accessories,Delhi,4,23994.23,2023-04-11,95976.92
INV1526,Speaker,Accessories,Delhi,3,42286.44,2023-07-08,126859.32
INV1527,Speaker,Gadgets,Chennai,3,40380.67,2023-06-07,121142.01
INV1528,Smartphone,Accessories,Chennai,4,29475.04,2023-11-29,117900.16
INV1529,Charger,Accessories,Chennai,9,43479.43,2023-03-26,391314.87
INV1530,Camera,Gadgets,Delhi,2,10689.14,2023-07-28,21378.28
INV1531,Charger,Accessories,Hyderabad,9,6040.02,2023-01-12,54360.18
INV1532,Headphones,Accessories,Delhi,1,13852.61,2023-11-25,13852.61
INV1533,Speaker,Gadgets,Bangalore,1,3325.8,2023-11-03,3325.8
INV1534,Charger,Electronics,Delhi,5,26792.89,2023-01-26,133964.45
INV1535,Laptop,Electronics,Mumbai,6,46861.98,2023-05-11,281171.88
INV1536,Smartphone,Accessories,Bangalore,6,2447.51,2023-03-02,14685.06
INV1537,Speaker,Electronics,Delhi,3,6544.44,2023-02-03,19633.32
INV1538,Charger,Gadgets,Hyderabad,7,22883.85,2023-03-23,160186.95
INV1539,Laptop,Accessories,Chennai,9,46726.81,2023-05-29,420541.29
INV1540,Camera,Accessories,Mumbai,8,16149.73,2023-11-30,129197.84
INV1541,Camera,Gadgets,Delhi,6,25608.12,2023-12-09,153648.72
INV1542,Charger,Electronics,Chennai,8,2557.86,2023-06-25,20462.88
INV1543,Smartphone,Accessories,Mumbai,5,7842.99,2023-12-05,39214.95
INV1544,Tablet,Electronics,Chennai,8,49338.19,2023-08-12,394705.52
INV1545,Smartphone,Accessories,Bangalore,4,48273.38,2023-05-24,193093.52
INV1546,Speaker,Electronics,Mumbai,8,744.53,2023-02-21,5956.24
INV1547,Tablet,Electronics,Bangalore,2,47614.68,2023-08-02,95229.36
INV1548,Camera,Accessories,Chennai,5,32136.44,2023-11-13,160682.2
INV1549,Camera,Electronics,Mumbai,9,43461.96,2023-10-17,391157.64
INV1550,Speaker,Electronics,Bangalore,4,23009.62,2023-03-26,92038.48
INV1551,Smartphone,Gadgets,Delhi,6,26022.0,2023-12-23,156132.0
INV1552,Camera,Accessories,Bangalore,1,24697.91,2023-05-01,24697.91
INV1553,Camera,Electronics,Bangalore,9,33509.78,2023-01-16,301588.02
INV1554,Camera,Gadgets,Delhi,1,7412.74,2023-04-06,7412.74
INV1555,Smartphone,Gadgets,Mumbai,5,1983.69,2023-09-13,9918.45
INV1556,Laptop,Gadgets,Hyderabad,4,15742.53,2023-10-03,62970.12
INV1557,Smartphone,Gadgets,Hyderabad,3,35381.7,2023-04-27,106145.1
INV1558,Smartphone,Accessories,Delhi,6,10491.75,2023-01-28,62950.5
INV1559,Camera,Accessories,Mumbai,2,33834.91,2023-09-23,67669.82
INV1560,Headphones,Accessories,Mumbai,3,48510.65,2023-03-02,145531.95
INV1561,Smartphone,Accessories,Bangalore,5,5148.09,2023-11-09,25740.45
INV1562,Laptop,Electronics,Delhi,9,33793.8,2023-10-06,304144.2
INV1563,Laptop,Gadgets,Chennai,2,22465.64,2023-08-25,44931.28
INV1564,Camera,Gadgets,Bangalore,8,43473.04,2023-02-20,347784.32
INV1565,Laptop,Gadgets,Hyderabad,2,9268.91,2023-07-14,18537.82
INV1566,Charger,Electronics,Chennai,5,34784.98,2023-10-04,173924.9
INV1567,Headphones,Electronics,Delhi,7,41986.71,2023-05-10,293906.97
INV1568,Charger,Accessories,Mumbai,8,47258.4,2023-03-31,378067.2
INV1569,Speaker,Gadgets,Chennai,1,34320.78,2023-08-26,34320.78
INV1570,Laptop,Electronics,Delhi,6,25110.15,2023-03-08,150660.9
INV1571,Headphones,Accessories,Mumbai,1,31083.44,2023-01-15,31083.44
INV1572,Charger,Electronics,Delhi,2,43510.8,2023-06-28,87021.6
INV1573,Charger,Accessories,Bangalore,1,28745.18,2023-08-24,28745.18
INV1574,Laptop,Gadgets,Delhi,5,2004.16,2023-06-02,10020.8
INV1575,Laptop,Electronics,Bangalore,9,46581.96,2023-01-30,419237.64
INV1576,Speaker,Gadgets,Mumbai,6,34631.57,2023-08-26,207789.42
INV1577,Smartphone,Accessories,Chennai,1,33987.41,2023-09-03,33987.41
INV1578,Camera,Electronics,Delhi,1,11175.92,2023-06-10,11175.92
INV1579,Laptop,Accessories,Mumbai,2,33114.83,2023-09-02,66229.66
INV1580,Speaker,Gadgets,Hyderabad,9,19996.29,2023-12-30,179966.61
INV1581,Smartphone,Accessories,Mumbai,3,32736.03,2023-01-20,98208.09
INV1582,Speaker,Electronics,Hyderabad,1,5776.36,2023-02-08,5776.36
INV1583,Tablet,Gadgets,Chennai,5,33063.34,2023-12-18,165316.7
INV1584,Laptop,Accessories,Mumbai,7,49970.98,2023-08-22,349796.86
INV1585,Speaker,Gadgets,Bangalore,6,2886.5,2023-10-05,17319.0
INV1586,Laptop,Accessories,Delhi,1,48870.12,2023-02-10,48870.12
INV1587,Tablet,Accessories,Chennai,5,20641.94,2023-06-27,103209.7
INV1588,Headphones,Gadgets,Delhi,5,43602.3,2023-08-13,218011.5
INV1589,Laptop,Accessories,Mumbai,6,39228.08,2023-08-25,235368.48
INV1590,Camera,Accessories,Delhi,3,28567.3,2023-09-08,85701.9
INV1591,Tablet,Accessories,Hyderabad,5,37053.24,2023-02-16,185266.2
INV1592,Charger,Gadgets,Mumbai,7,43986.52,2023-08-26,307905.64
INV1593,Headphones,Accessories,Hyderabad,5,20504.95,2023-05-13,102524.75
INV1594,Charger,Gadgets,Chennai,5,16688.14,2023-05-18,83440.7
INV1595,Tablet,Accessories,Hyderabad,5,33545.87,2023-04-19,167729.35
INV1596,Camera,Electronics,Bangalore,3,40488.37,2023-02-03,121465.11
INV1597,Laptop,Accessories,Bangalore,1,38233.11,2023-04-27,38233.11
INV1598,Camera,Electronics,Mumbai,5,39991.78,2023-08-16,199958.9
INV1599,Headphones,Electronics,Chennai,9,22061.37,2023-03-26,198552.33
INV1600,Headphones,Electronics,Delhi,1,40982.79,2023-03-25,40982.79
INV1601,Speaker,Electronics,Hyderabad,3,6450.35,2023-11-09,19351.05
INV1602,Smartphone,Accessories,Chennai,4,27452.21,2023-10-05,109808.84
INV1603,Tablet,Accessories,Mumbai,1,785.05,2023-03-09,785.05
INV1604,Camera,Accessories,Chennai,1,16567.0,2023-05-31,16567.0
INV1605,Headphones,Accessories,Bangalore,8,18639.85,2023-06-18,149118.8
INV1606,Smartphone,Electronics,Bangalore,2,20110.55,2023-07-02,40221.1
INV1607,Tablet,Gadgets,Mumbai,8,34925.63,2023-07-02,279405.04
INV1608,Tablet,Electronics,Hyderabad,7,19733.63,2023-05-11,138135.41
INV1609,Camera,Gadgets,Delhi,2,22710.33,2023-08-07,45420.66
INV1610,Speaker,Gadgets,Chennai,6,12258.43,2023-04-05,73550.58
INV1611,Headphones,Electronics,Hyderabad,6,18975.96,2023-06-16,113855.76
INV1612,Speaker,Electronics,Mumbai,3,11749.85,2023-08-08,35249.55
INV1613,Speaker,Accessories,Hyderabad,2,4123.2,2023-05-01,8246.4
INV1614,Speaker,Gadgets,Chennai,1,30370.71,2023-02-19,30370.71
INV1615,Speaker,Gadgets,Mumbai,6,33576.53,2023-02-07,201459.18
INV1616,Speaker,Accessories,Hyderabad,5,31164.77,2023-12-15,155823.85
INV1617,Tablet,Electronics,Bangalore,9,23442.96,2023-11-13,210986.64
INV1618,Smartphone,Accessories,Chennai,1,19299.4,2023-01-04,19299.4
INV1619,Laptop,Gadgets,Delhi,7,43235.02,2023-08-01,302645.14
INV1620,Camera,Electronics,Delhi,5,26194.55,2024-01-01,130972.75
INV1621,Speaker,Electronics,Bangalore,5,24219.5,2023-11-02,121097.5
INV1622,Smartphone,Gadgets,Mumbai,2,1769.28,2023-08-16,3538.56
INV1623,Charger,Electronics,Bangalore,3,17391.77,2023-11-10,52175.31
INV1624,Laptop,Accessories,Chennai,7,19319.68,2023-04-01,135237.76
INV1625,Speaker,Accessories,Bangalore,6,20241.73,2023-05-25,121450.38
INV1626,Camera,Gadgets,Mumbai,2,29218.53,2023-05-02,58437.06
INV1627,Charger,Accessories,Bangalore,6,26913.33,2023-03-22,161479.98
INV1628,Smartphone,Electronics,Bangalore,2,30591.3,2023-10-17,61182.6
INV1629,Laptop,Accessories,Delhi,2,38361.72,2023-07-30,76723.44
INV1630,Tablet,Gadgets,Delhi,2,40742.79,2023-09-13,81485.58
INV1631,Tablet,Accessories,Mumbai,3,36047.09,2023-11-08,108141.27
INV1632,Laptop,Electronics,Hyderabad,2,47798.42,2023-04-24,95596.84
INV1633,Speaker,Accessories,Bangalore,4,1402.51,2023-08-13,5610.04
INV1634,Camera,Accessories,Hyderabad,9,10191.01,2023-08-25,91719.09
INV1635,Camera,Accessories,Delhi,6,874.36,2023-02-19,5246.16
INV1636,Camera,Electronics,Delhi,1,32550.0,2023-10-25,32550.0
INV1637,Laptop,Gadgets,Hyderabad,8,44952.51,2023-04-16,359620.08
INV1638,Smartphone,Accessories,Bangalore,7,12552.37,2023-11-05,87866.59
INV1639,Smartphone,Gadgets,Delhi,3,46388.21,2023-05-27,139164.63
INV1640,Charger,Accessories,Mumbai,1,3483.24,2023-12-20,3483.24
INV1641,Smartphone,Accessories,Hyderabad,5,46754.58,2023-12-18,233772.9
INV1642,Speaker,Accessories,Mumbai,4,17905.32,2023-12-13,71621.28
INV1643,Camera,Gadgets,Delhi,8,5520.33,2023-04-14,44162.64
INV1644,Speaker,Gadgets,Bangalore,1,24550.65,2023-06-09,24550.65
INV1645,Tablet,Gadgets,Hyderabad,1,13210.44,2023-02-18,13210.44
INV1646,Camera,Gadgets,Hyderabad,4,14601.21,2023-11-03,58404.84
INV1647,Speaker,Gadgets,Mumbai,8,15710.85,2023-11-25,125686.8
INV1648,Headphones,Accessories,Delhi,5,40249.78,2023-06-30,201248.9
INV1649,Charger,Electronics,Delhi,2,27188.48,2023-08-22,54376.96
INV1650,Laptop,Gadgets,Hyderabad,6,15909.73,2023-03-20,95458.38
INV1651,Headphones,Electronics,Hyderabad,5,30711.52,2023-06-19,153557.6
INV1652,Speaker,Gadgets,Mumbai,2,35949.46,2023-08-21,71898.92
INV1653,Speaker,Accessories,Bangalore,3,13994.89,2023-03-20,41984.67
INV1654,Headphones,Electronics,Bangalore,9,20970.68,2023-01-12,188736.12
INV1655,Camera,Gadgets,Mumbai,7,6533.36,2023-01-30,45733.52
INV1656,Charger,Accessories,Hyderabad,7,9466.89,2023-09-29,66268.23
INV1657,Laptop,Accessories,Bangalore,6,34215.33,2023-05-04,205291.98
INV1658,Smartphone,Accessories,Hyderabad,8,9481.2,2023-06-29,75849.6
INV1659,Camera,Accessories,Delhi,4,26495.59,2023-03-10,105982.36
INV1660,Smartphone,Gadgets,Mumbai,8,35597.79,2023-04-12,284782.32
INV1661,Laptop,Accessories,Mumbai,4,5790.41,2023-11-19,23161.64
INV1662,Camera,Accessories,Hyderabad,8,28581.95,2023-10-03,228655.6
INV1663,Tablet,Electronics,Mumbai,9,13199.86,2023-10-10,118798.74
INV1664,Charger,Electronics,Delhi,3,48164.88,2023-10-01,144494.64
INV1665,Charger,Electronics,Bangalore,3,24435.51,2023-05-24,73306.53
INV1666,Charger,Gadgets,Chennai,2,40396.63,2023-05-21,80793.26
INV1667,Charger,Accessories,Mumbai,3,27736.21,2023-07-04,83208.63
INV1668,Camera,Accessories,Hyderabad,3,2648.92,2023-12-17,7946.76
INV1669,Laptop,Accessories,Mumbai,5,31840.99,2023-05-12,159204.95
INV1670,Laptop,Electronics,Hyderabad,5,47594.47,2023-07-11,237972.35
INV1671,Smartphone,Gadgets,Bangalore,2,30279.79,2023-12-08,60559.58
INV1672,Charger,Accessories,Mumbai,6,41049.85,2023-10-22,246299.1
INV1673,Speaker,Accessories,Bangalore,5,44268.22,2023-06-08,221341.1
INV1674,Tablet,Accessories,Mumbai,6,11789.95,2023-03-12,70739.7
INV1675,Smartphone,Accessories,Chennai,1,10996.22,2023-08-16,10996.22
INV1676,Charger,Gadgets,Bangalore,5,30743.56,2023-11-23,153717.8
INV1677,Smartphone,Accessories,Delhi,9,20845.91,2023-01-10,187613.19
INV1678,Tablet,Accessories,Bangalore,2,42073.13,2023-12-23,84146.26
INV1679,Laptop,Gadgets,Delhi,1,45051.14,2023-05-26,45051.14
INV1680,Charger,Gadgets,Chennai,9,17994.36,2023-12-01,161949.24
INV1681,Camera,Electronics,Chennai,9,12225.09,2023-12-21,110025.81
INV1682,Tablet,Gadgets,Hyderabad,9,39136.01,2023-04-07,352224.09
INV1683,Smartphone,Accessories,Delhi,6,14102.9,2023-12-06,84617.4
INV1684,Smartphone,Accessories,Bangalore,8,41219.41,2023-05-30,329755.28
INV1685,Speaker,Accessories,Mumbai,1,21475.04,2023-07-01,21475.04
INV1686,Tablet,Electronics,Bangalore,4,33543.72,2023-12-16,134174.88
INV1687,Camera,Electronics,Mumbai,1,5229.0,2023-09-16,5229.0
INV1688,Laptop,Gadgets,Delhi,8,31381.04,2023-01-14,251048.32
INV1689,Headphones,Electronics,Delhi,1,22862.5,2023-07-03,22862.5
INV1690,Laptop,Electronics,Hyderabad,3,29537.12,2023-03-21,88611.36
INV1691,Tablet,Accessories,Mumbai,4,8816.7,2023-07-02,35266.8
INV1692,Speaker,Accessories,Hyderabad,8,36975.25,2023-01-29,295802.0
INV1693,Laptop,Accessories,Mumbai,6,43208.46,2023-05-29,259250.76
INV1694,Smartphone,Accessories,Delhi,7,11228.62,2023-10-13,78600.34
INV1695,Smartphone,Accessories,Bangalore,8,5237.87,2023-06-22,41902.96
INV1696,Laptop,Accessories,Chennai,2,1670.11,2023-03-06,3340.22
INV1697,Smartphone,Accessories,Bangalore,8,32277.59,2023-06-18,258220.72
INV1698,Charger,Gadgets,Chennai,3,30551.15,2023-08-18,91653.45
INV1699,Speaker,Accessories,Delhi,7,27561.52,2023-10-13,192930.64
INV1700,Smartphone,Accessories,Bangalore,3,11981.38,2023-07-28,35944.14
INV1701,Smartphone,Electronics,Mumbai,7,19849.85,2023-09-22,138948.95
INV1702,Laptop,Accessories,Hyderabad,2,29926.58,2023-10-21,59853.16
INV1703,Tablet,Electronics,Delhi,6,25089.96,2023-06-15,150539.76
INV1704,Tablet,Electronics,Mumbai,3,49395.38,2023-08-19,148186.14
INV1705,Headphones,Accessories,Chennai,3,7253.77,2023-02-03,21761.31
INV1706,Speaker,Accessories,Bangalore,9,34909.66,2023-03-31,314186.94
INV1707,Speaker,Electronics,Mumbai,7,20513.78,2023-12-11,143596.46
INV1708,Smartphone,Electronics,Mumbai,5,21695.88,2023-11-21,108479.4
INV1709,Camera,Electronics,Chennai,7,36021.09,2023-12-01,252147.63
INV1710,Charger,Accessories,Hyderabad,9,34775.59,2023-02-20,312980.31
INV1711,Smartphone,Gadgets,Hyderabad,1,49567.17,2023-07-06,49567.17
INV1712,Charger,Electronics,Hyderabad,7,6855.52,2023-08-08,47988.64
INV1713,Charger,Electronics,Hyderabad,6,5653.43,2023-12-09,33920.58
INV1714,Camera,Gadgets,Chennai,9,36354.77,2023-10-03,327192.93
INV1715,Smartphone,Accessories,Delhi,1,29130.15,2023-06-26,29130.15
INV1716,Tablet,Accessories,Mumbai,4,14070.95,2023-05-06,56283.8
INV1717,Laptop,Electronics,Chennai,9,4431.26,2023-03-25,39881.34
INV1718,Speaker,Accessories,Delhi,4,4740.08,2023-05-02,18960.32
INV1719,Speaker,Electronics,Delhi,3,44762.45,2023-03-10,134287.35
INV1720,Tablet,Electronics,Mumbai,9,9997.43,2023-07-17,89976.87
INV1721,Tablet,Electronics,Hyderabad,2,16506.89,2023-02-06,33013.78
INV1722,Charger,Gadgets,Chennai,4,11719.49,2023-09-19,46877.96
INV1723,Tablet,Electronics,Mumbai,6,18072.32,2023-07-31,108433.92
INV1724,Smartphone,Gadgets,Hyderabad,2,3936.48,2023-03-03,7872.96
INV1725,Smartphone,Gadgets,Mumbai,8,26193.46,2023-04-21,209547.68
INV1726,Laptop,Electronics,Hyderabad,8,3846.82,2023-10-14,30774.56
INV1727,Headphones,Electronics,Hyderabad,1,40117.65,2023-06-14,40117.65
INV1728,Speaker,Electronics,Delhi,3,12068.75,2023-08-04,36206.25
INV1729,Charger,Electronics,Bangalore,9,27230.59,2023-11-14,245075.31
INV1730,Laptop,Gadgets,Mumbai,5,44063.91,2023-02-17,220319.55
INV1731,Speaker,Accessories,Bangalore,6,32718.43,2023-07-15,196310.58
INV1732,Charger,Accessories,Mumbai,4,26881.41,2023-02-26,107525.64
INV1733,Laptop,Electronics,Delhi,2,16554.52,2023-03-25,33109.04
INV1734,Charger,Accessories,Mumbai,8,16983.59,2023-04-28,135868.72
INV1735,Camera,Gadgets,Chennai,6,33639.6,2023-11-20,201837.6
INV1736,Tablet,Electronics,Hyderabad,5,49709.9,2023-10-07,248549.5
INV1737,Tablet,Accessories,Delhi,9,33261.04,2023-09-05,299349.36
INV1738,Laptop,Electronics,Mumbai,1,28110.28,2023-01-17,28110.28
INV1739,Speaker,Accessories,Delhi,5,36667.2,2023-02-11,183336.0
INV1740,Tablet,Electronics,Mumbai,6,23527.68,2023-03-18,141166.08
INV1741,Speaker,Accessories,Chennai,5,3477.05,2023-04-14,17385.25
INV1742,Smartphone,Gadgets,Hyderabad,6,28333.69,2023-07-14,170002.14
INV1743,Camera,Gadgets,Chennai,6,47902.45,2023-02-10,287414.7
INV1744,Camera,Gadgets,Bangalore,7,9177.5,2023-01-28,64242.5
INV1745,Tablet,Accessories,Bangalore,4,34655.24,2023-03-21,138620.96
INV1746,Tablet,Accessories,Hyderabad,8,10446.22,2023-09-18,83569.76
INV1747,Speaker,Accessories,Chennai,7,27023.47,2023-10-21,189164.29
INV1748,Speaker,Accessories,Chennai,9,5285.48,2023-02-25,47569.32
INV1749,Speaker,Gadgets,Chennai,7,22793.36,2023-06-04,159553.52
INV1750,Speaker,Electronics,Mumbai,3,37930.08,2023-06-22,113790.24
INV1751,Laptop,Gadgets,Hyderabad,3,17704.79,2023-02-17,53114.37
INV1752,Headphones,Gadgets,Delhi,8,33413.13,2023-04-08,267305.04
INV1753,Headphones,Electronics,Mumbai,5,39874.77,2023-09-17,199373.85
INV1754,Speaker,Gadgets,Delhi,4,46395.3,2023-10-14,185581.2
INV1755,Camera,Gadgets,Hyderabad,8,12114.78,2023-03-06,96918.24
INV1756,Smartphone,Accessories,Delhi,6,20266.14,2023-12-04,121596.84
INV1757,Speaker,Gadgets,Mumbai,2,8044.59,2023-10-02,16089.18
INV1758,Headphones,Gadgets,Bangalore,4,49627.93,2023-05-30,198511.72
INV1759,Charger,Accessories,Hyderabad,4,46386.55,2023-07-14,185546.2
INV1760,Speaker,Electronics,Delhi,6,27227.88,2023-11-20,163367.28
INV1761,Charger,Electronics,Delhi,6,42180.65,2023-11-02,253083.9
INV1762,Smartphone,Accessories,Bangalore,1,26287.42,2023-03-17,26287.42
INV1763,Headphones,Gadgets,Bangalore,8,31367.49,2023-09-08,250939.92
INV1764,Smartphone,Accessories,Mumbai,6,4911.66,2023-10-23,29469.96
INV1765,Charger,Electronics,Bangalore,3,37885.89,2023-06-14,113657.67
INV1766,Camera,Accessories,Delhi,9,6821.82,2023-07-05,61396.38
INV1767,Camera,Accessories,Delhi,2,41390.35,2023-01-18,82780.7
INV1768,Camera,Accessories,Mumbai,8,39210.39,2023-08-03,313683.12
INV1769,Camera,Electronics,Delhi,3,35582.86,2023-07-05,106748.58
INV1770,Headphones,Electronics,Chennai,5,2289.94,2023-11-08,11449.7
INV1771,Laptop,Accessories,Chennai,6,15504.85,2023-12-01,93029.1
INV1772,Headphones,Electronics,Chennai,6,13524.07,2023-01-22,81144.42
INV1773,Speaker,Accessories,Delhi,4,18326.75,2023-01-16,73307.0
INV1774,Headphones,Electronics,Delhi,3,4838.32,2023-03-03,14514.96
INV1775,Speaker,Gadgets,Chennai,4,46879.41,2023-04-08,187517.64
INV1776,Smartphone,Gadgets,Delhi,1,27913.21,2023-10-19,27913.21
INV1777,Headphones,Gadgets,Hyderabad,4,15623.45,2023-03-08,62493.8
INV1778,Charger,Electronics,Hyderabad,1,20150.59,2023-11-16,20150.59
INV1779,Charger,Electronics,Hyderabad,1,22636.53,2023-11-04,22636.53
INV1780,Camera,Electronics,Mumbai,6,30229.42,2023-09-03,181376.52
INV1781,Laptop,Electronics,Delhi,5,26026.13,2023-04-16,130130.65
INV1782,Headphones,Accessories,Hyderabad,4,46009.9,2023-11-16,184039.6
INV1783,Laptop,Gadgets,Bangalore,3,25099.69,2023-07-13,75299.07
INV1784,Headphones,Gadgets,Delhi,1,49611.82,2023-04-02,49611.82
INV1785,Camera,Electronics,Delhi,6,42645.54,2023-03-26,255873.24
INV1786,Charger,Accessories,Bangalore,2,10821.27,2023-11-04,21642.54
INV1787,Smartphone,Electronics,Delhi,8,46564.46,2023-07-30,372515.68
INV1788,Charger,Gadgets,Delhi,5,6260.14,2023-04-21,31300.7
INV1789,Charger,Electronics,Delhi,7,40963.76,2023-11-06,286746.32
INV1790,Speaker,Accessories,Delhi,2,19340.85,2023-06-18,38681.7
INV1791,Headphones,Electronics,Mumbai,8,43959.73,2023-06-03,351677.84
INV1792,Headphones,Accessories,Bangalore,2,43468.81,2023-12-31,86937.62
INV1793,Speaker,Electronics,Delhi,4,40393.31,2023-10-06,161573.24
INV1794,Headphones,Accessories,Chennai,1,39606.51,2023-08-16,39606.51
INV1795,Smartphone,Electronics,Bangalore,5,15581.62,2023-06-24,77908.1
INV1796,Laptop,Accessories,Hyderabad,9,4505.5,2023-04-24,40549.5
INV1797,Laptop,Accessories,Chennai,1,20447.52,2023-12-13,20447.52
INV1798,Tablet,Gadgets,Chennai,9,9089.46,2023-01-03,81805.14
INV1799,Charger,Gadgets,Bangalore,8,34900.08,2023-02-24,279200.64
INV1800,Tablet,Electronics,Delhi,6,17631.94,2023-02-15,105791.64
INV1801,Headphones,Accessories,Chennai,7,48792.7,2023-03-21,341548.9
INV1802,Tablet,Gadgets,Mumbai,3,32228.12,2023-05-29,96684.36
INV1803,Speaker,Accessories,Mumbai,1,41212.79,2023-09-01,41212.79
INV1804,Charger,Electronics,Mumbai,5,7059.97,2023-05-29,35299.85
INV1805,Smartphone,Electronics,Mumbai,2,43169.72,2023-04-29,86339.44
INV1806,Tablet,Electronics,Bangalore,5,46176.48,2023-03-26,230882.4
INV1807,Laptop,Accessories,Hyderabad,8,24609.56,2023-11-23,196876.48
INV1808,Charger,Gadgets,Chennai,9,30509.52,2023-07-20,274585.68
INV1809,Charger,Gadgets,Chennai,2,38358.09,2023-03-02,76716.18
INV1810,Tablet,Gadgets,Hyderabad,3,9154.51,2023-08-05,27463.53
INV1811,Tablet,Gadgets,Delhi,3,25377.02,2023-08-26,76131.06
INV1812,Smartphone,Gadgets,Delhi,1,20233.82,2023-12-12,20233.82
INV1813,Speaker,Accessories,Delhi,8,7745.51,2023-05-11,61964.08
INV1814,Camera,Electronics,Delhi,6,18692.95,2023-03-17,112157.7
INV1815,Laptop,Accessories,Delhi,8,3874.53,2023-10-06,30996.24
INV1816,Speaker,Electronics,Delhi,9,1777.69,2023-08-17,15999.21
INV1817,Speaker,Electronics,Delhi,5,7190.73,2023-08-07,35953.65
INV1818,Smartphone,Gadgets,Delhi,3,48174.2,2023-07-28,144522.6
INV1819,Laptop,Electronics,Mumbai,5,27701.71,2023-07-16,138508.55
INV1820,Laptop,Accessories,Bangalore,5,48308.2,2023-11-06,241541.0
INV1821,Laptop,Accessories,Hyderabad,5,21908.64,2023-11-02,109543.2
INV1822,Laptop,Gadgets,Hyderabad,3,15934.9,2023-08-09,47804.7
INV1823,Headphones,Accessories,Delhi,4,25554.02,2023-05-11,102216.08
INV1824,Smartphone,Electronics,Chennai,9,22255.83,2023-05-18,200302.47
INV1825,Laptop,Accessories,Delhi,9,5730.4,2023-04-06,51573.6
INV1826,Smartphone,Gadgets,Bangalore,2,32220.9,2023-05-04,64441.8
INV1827,Smartphone,Accessories,Hyderabad,8,11193.89,2023-07-29,89551.12
INV1828,Speaker,Electronics,Delhi,8,31169.6,2023-04-09,249356.8
INV1829,Laptop,Gadgets,Chennai,7,32684.95,2023-01-15,228794.65
INV1830,Speaker,Electronics,Mumbai,8,8025.23,2023-09-19,64201.84
INV1831,Charger,Accessories,Chennai,3,3536.81,2023-02-12,10610.43
INV1832,Headphones,Accessories,Mumbai,6,39147.7,2023-09-28,234886.2
INV1833,Headphones,Accessories,Bangalore,1,23260.12,2023-12-31,23260.12
INV1834,Tablet,Electronics,Hyderabad,7,3379.11,2023-09-09,23653.77
INV1835,Speaker,Gadgets,Bangalore,1,49745.88,2023-03-05,49745.88
INV1836,Charger,Accessories,Bangalore,9,3360.14,2023-11-28,30241.26
INV1837,Camera,Accessories,Bangalore,1,34904.24,2023-05-27,34904.24
INV1838,Headphones,Electronics,Mumbai,1,49192.11,2023-08-20,49192.11
INV1839,Tablet,Accessories,Hyderabad,7,12339.42,2023-12-20,86375.94
INV1840,Charger,Electronics,Delhi,2,7541.34,2023-09-17,15082.68
INV1841,Laptop,Electronics,Mumbai,5,6508.55,2023-09-05,32542.75
INV1842,Laptop,Gadgets,Delhi,8,15512.12,2023-06-02,124096.96
INV1843,Tablet,Gadgets,Chennai,8,5501.77,2023-09-09,44014.16
INV1844,Charger,Electronics,Mumbai,3,34761.99,2023-04-23,104285.97
INV1845,Speaker,Electronics,Mumbai,7,3583.44,2023-09-17,25084.08
INV1846,Smartphone,Electronics,Hyderabad,3,25716.4,2023-08-24,77149.2
INV1847,Smartphone,Gadgets,Chennai,6,49836.49,2023-06-29,299018.94
INV1848,Headphones,Gadgets,Hyderabad,6,40791.53,2023-04-29,244749.18
INV1849,Laptop,Electronics,Chennai,3,30953.36,2023-02-21,92860.08
INV1850,Charger,Gadgets,Mumbai,7,15659.55,2023-05-12,109616.85
INV1851,Camera,Accessories,Delhi,3,31382.84,2023-06-08,94148.52
INV1852,Camera,Electronics,Mumbai,8,26588.55,2023-11-29,212708.4
INV1853,Headphones,Electronics,Hyderabad,4,21591.13,2023-06-23,86364.52
INV1854,Speaker,Electronics,Hyderabad,1,6970.16,2023-07-13,6970.16
INV1855,Headphones,Gadgets,Delhi,4,44386.91,2023-05-06,177547.64
INV1856,Headphones,Accessories,Delhi,7,22764.34,2023-03-22,159350.38
INV1857,Laptop,Electronics,Hyderabad,4,10133.81,2023-05-05,40535.24
INV1858,Smartphone,Gadgets,Mumbai,6,18704.09,2023-02-18,112224.54
INV1859,Speaker,Gadgets,Hyderabad,9,20999.42,2023-06-14,188994.78
INV1860,Headphones,Electronics,Chennai,1,41463.13,2023-01-19,41463.13
INV1861,Charger,Electronics,Chennai,5,36813.91,2023-06-15,184069.55
INV1862,Headphones,Gadgets,Hyderabad,7,38580.59,2023-03-13,270064.13
INV1863,Headphones,Accessories,Hyderabad,1,1046.05,2023-11-16,1046.05
INV1864,Charger,Accessories,Delhi,4,21099.62,2023-01-09,84398.48
INV1865,Tablet,Accessories,Bangalore,6,24326.54,2023-08-07,145959.24
INV1866,Smartphone,Electronics,Mumbai,2,1450.02,2023-05-27,2900.04
INV1867,Speaker,Accessories,Chennai,5,13360.75,2023-06-20,66803.75
INV1868,Laptop,Electronics,Delhi,1,38134.35,2023-08-12,38134.35
INV1869,Headphones,Electronics,Hyderabad,6,7286.93,2023-08-10,43721.58
INV1870,Speaker,Accessories,Hyderabad,6,26997.85,2023-05-01,161987.1
INV1871,Laptop,Electronics,Hyderabad,4,11152.49,2023-07-28,44609.96
INV1872,Speaker,Electronics,Delhi,8,1099.98,2023-03-14,8799.84
INV1873,Charger,Accessories,Mumbai,4,12439.47,2023-11-10,49757.88
INV1874,Laptop,Gadgets,Mumbai,8,48805.75,2023-11-08,390446.0
INV1875,Laptop,Accessories,Mumbai,8,40176.09,2023-10-06,321408.72
INV1876,Camera,Accessories,Chennai,5,47999.04,2023-11-19,239995.2
INV1877,Camera,Electronics,Bangalore,4,24648.78,2023-05-03,98595.12
INV1878,Charger,Gadgets,Chennai,2,5931.94,2023-06-15,11863.88
INV1879,Smartphone,Electronics,Hyderabad,3,27623.99,2023-11-13,82871.97
INV1880,Speaker,Gadgets,Hyderabad,3,22991.68,2023-08-04,68975.04
INV1881,Headphones,Gadgets,Chennai,4,42295.68,2023-11-02,169182.72
INV1882,Headphones,Gadgets,Mumbai,4,5355.09,2023-08-11,21420.36
INV1883,Tablet,Gadgets,Delhi,5,24667.94,2023-08-04,123339.7
INV1884,Charger,Electronics,Chennai,4,7927.41,2023-05-14,31709.64
INV1885,Camera,Gadgets,Hyderabad,8,16571.46,2023-08-28,132571.68
INV1886,Speaker,Accessories,Hyderabad,6,36999.18,2023-07-05,221995.08
INV1887,Smartphone,Accessories,Hyderabad,6,24062.9,2023-08-05,144377.4
INV1888,Charger,Electronics,Mumbai,8,19106.47,2023-06-22,152851.76
INV1889,Headphones,Accessories,Chennai,7,20026.58,2023-03-23,140186.06
INV1890,Laptop,Gadgets,Delhi,8,23242.62,2023-10-03,185940.96
INV1891,Charger,Gadgets,Mumbai,2,39358.32,2023-09-03,78716.64
INV1892,Tablet,Accessories,Chennai,9,44658.19,2023-04-05,401923.71
INV1893,Headphones,Electronics,Delhi,1,47789.07,2023-08-30,47789.07
INV1894,Tablet,Accessories,Bangalore,8,39451.72,2023-02-17,315613.76
INV1895,Camera,Accessories,Hyderabad,4,16112.64,2023-02-26,64450.56
INV1896,Speaker,Electronics,Bangalore,4,34562.67,2023-07-26,138250.68
INV1897,Headphones,Accessories,Bangalore,5,22161.35,2023-05-10,110806.75
INV1898,Laptop,Accessories,Mumbai,8,13106.2,2023-05-19,104849.6
INV1899,Charger,Accessories,Mumbai,5,42123.14,2023-09-20,210615.7
INV1900,Smartphone,Electronics,Hyderabad,8,2402.1,2023-10-31,19216.8
INV1901,Smartphone,Accessories,Hyderabad,1,45137.22,2023-06-28,45137.22
INV1902,Smartphone,Electronics,Mumbai,9,23343.13,2023-01-26,210088.17
INV1903,Headphones,Electronics,Hyderabad,6,32041.47,2023-08-03,192248.82
INV1904,Smartphone,Accessories,Mumbai,3,33138.02,2023-01-07,99414.06
INV1905,Smartphone,Accessories,Delhi,8,44808.33,2023-11-22,358466.64
INV1906,Headphones,Accessories,Delhi,9,32015.15,2023-01-19,288136.35
INV1907,Camera,Electronics,Delhi,6,30889.71,2023-10-23,185338.26
INV1908,Speaker,Accessories,Chennai,7,3799.28,2023-01-15,26594.96
INV1909,Camera,Accessories,Bangalore,1,26161.2,2023-09-28,26161.2
INV1910,Charger,Accessories,Chennai,5,7933.37,2023-10-13,39666.85
INV1911,Camera,Electronics,Delhi,5,37002.97,2023-03-03,185014.85
INV1912,Headphones,Electronics,Hyderabad,4,25854.99,2023-10-30,103419.96
INV1913,Laptop,Gadgets,Delhi,6,34171.28,2023-11-17,205027.68
INV1914,Tablet,Accessories,Delhi,7,2562.81,2023-03-29,17939.67
INV1915,Speaker,Electronics,Delhi,9,4697.2,2023-11-11,42274.8
INV1916,Charger,Electronics,Hyderabad,1,35958.01,2023-02-20,35958.01
INV1917,Camera,Accessories,Chennai,6,4068.17,2023-01-17,24409.02
INV1918,Speaker,Electronics,Mumbai,7,4027.21,2023-04-14,28190.47
INV1919,Smartphone,Gadgets,Chennai,3,1099.37,2023-11-11,3298.11
INV1920,Headphones,Electronics,Delhi,8,47846.82,2023-07-22,382774.56
INV1921,Laptop,Accessories,Hyderabad,5,37006.66,2023-03-20,185033.3
INV1922,Headphones,Accessories,Chennai,9,17985.94,2023-07-15,161873.46
INV1923,Speaker,Gadgets,Chennai,5,15178.51,2023-01-14,75892.55
INV1924,Tablet,Electronics,Bangalore,9,17810.31,2023-06-10,160292.79
INV1925,Speaker,Accessories,Mumbai,4,38845.35,2023-12-06,155381.4
INV1926,Tablet,Accessories,Delhi,9,33237.85,2023-07-21,299140.65
INV1927,Headphones,Accessories,Bangalore,5,9667.18,2023-04-12,48335.9
INV1928,Speaker,Gadgets,Chennai,9,9118.41,2023-07-23,82065.69
INV1929,Camera,Gadgets,Mumbai,3,5370.58,2023-12-16,16111.74
INV1930,Laptop,Gadgets,Delhi,4,33184.98,2023-10-11,132739.92
INV1931,Charger,Gadgets,Bangalore,9,38336.45,2023-02-17,345028.05
INV1932,Charger,Gadgets,Chennai,6,13619.8,2023-08-08,81718.8
INV1933,Laptop,Accessories,Mumbai,2,1536.78,2023-12-01,3073.56
INV1934,Headphones,Electronics,Delhi,7,4567.5,2023-02-25,31972.5
INV1935,Smartphone,Electronics,Chennai,2,48409.07,2023-03-08,96818.14
INV1936,Speaker,Accessories,Delhi,2,15124.52,2023-12-22,30249.04
INV1937,Camera,Electronics,Hyderabad,1,38576.55,2023-08-28,38576.55
INV1938,Speaker,Accessories,Bangalore,3,31420.85,2023-12-17,94262.55
INV1939,Laptop,Gadgets,Hyderabad,6,19406.01,2023-05-11,116436.06
INV1940,Speaker,Gadgets,Bangalore,8,10681.52,2023-09-20,85452.16
INV1941,Laptop,Electronics,Chennai,9,6508.63,2023-02-09,58577.67
INV1942,Headphones,Gadgets,Bangalore,7,30943.14,2023-09-10,216601.98
INV1943,Headphones,Accessories,Delhi,4,38844.37,2023-04-25,155377.48
INV1944,Charger,Accessories,Mumbai,6,32373.26,2023-06-29,194239.56
INV1945,Smartphone,Gadgets,Delhi,5,26749.96,2023-12-30,133749.8
INV1946,Smartphone,Gadgets,Bangalore,8,2576.59,2023-09-25,20612.72
INV1947,Smartphone,Electronics,Hyderabad,1,48440.19,2023-10-07,48440.19
INV1948,Headphones,Accessories,Delhi,1,40036.35,2023-10-16,40036.35
INV1949,Headphones,Electronics,Delhi,6,14994.69,2023-01-22,89968.14
INV1950,Headphones,Gadgets,Chennai,2,49008.53,2023-01-04,98017.06
INV1951,Headphones,Accessories,Hyderabad,5,30293.14,2023-04-25,151465.7
INV1952,Tablet,Electronics,Delhi,1,29329.92,2023-10-19,29329.92
INV1953,Camera,Accessories,Chennai,7,37529.62,2023-06-02,262707.34
INV1954,Speaker,Accessories,Mumbai,1,40682.6,2023-08-01,40682.6
INV1955,Laptop,Electronics,Chennai,4,32995.69,2023-12-01,131982.76
INV1956,Headphones,Gadgets,Chennai,9,6840.74,2023-08-19,61566.66
INV1957,Smartphone,Gadgets,Mumbai,1,17244.24,2023-09-21,17244.24
INV1958,Tablet,Electronics,Hyderabad,4,46440.14,2023-04-21,185760.56
INV1959,Smartphone,Gadgets,Hyderabad,6,11618.47,2023-05-15,69710.82
INV1960,Headphones,Electronics,Chennai,6,18922.27,2023-02-12,113533.62
INV1961,Speaker,Gadgets,Mumbai,8,21887.81,2023-09-28,175102.48
INV1962,Smartphone,Gadgets,Hyderabad,1,22250.55,2023-10-05,22250.55
INV1963,Camera,Gadgets,Delhi,7,30840.51,2023-03-17,215883.57
INV1964,Laptop,Gadgets,Mumbai,1,47182.25,2023-09-02,47182.25
INV1965,Headphones,Accessories,Hyderabad,7,12414.29,2023-09-16,86900.03
INV1966,Tablet,Electronics,Mumbai,3,6514.32,2023-09-13,19542.96
INV1967,Smartphone,Electronics,Hyderabad,8,10274.79,2023-01-18,82198.32
INV1968,Camera,Electronics,Hyderabad,3,44402.78,2023-11-03,133208.34
INV1969,Laptop,Accessories,Mumbai,1,32467.64,2023-09-12,32467.64
INV1970,Smartphone,Accessories,Bangalore,8,14652.39,2023-06-22,117219.12
INV1971,Headphones,Electronics,Mumbai,3,40889.37,2023-02-14,122668.11
INV1972,Speaker,Gadgets,Delhi,2,43137.81,2023-07-24,86275.62
INV1973,Headphones,Electronics,Mumbai,1,42402.46,2023-06-10,42402.46
INV1974,Tablet,Accessories,Bangalore,3,45986.86,2023-10-24,137960.58
INV1975,Tablet,Electronics,Delhi,2,12985.93,2023-08-16,25971.86
INV1976,Laptop,Electronics,Mumbai,2,37874.58,2023-12-23,75749.16
INV1977,Tablet,Electronics,Delhi,6,23296.71,2023-12-15,139780.26
INV1978,Charger,Gadgets,Mumbai,1,42178.93,2023-08-23,42178.93
INV1979,Headphones,Gadgets,Bangalore,2,36560.29,2023-09-21,73120.58
INV1980,Tablet,Electronics,Delhi,6,38934.15,2023-04-14,233604.9
INV1981,Headphones,Electronics,Bangalore,3,32980.01,2023-12-21,98940.03
INV1982,Tablet,Electronics,Chennai,4,9282.72,2023-01-08,37130.88
INV1983,Headphones,Gadgets,Chennai,1,27478.83,2023-04-21,27478.83
INV1984,Camera,Accessories,Mumbai,8,49241.15,2023-01-02,393929.2
INV1985,Camera,Electronics,Bangalore,7,46900.71,2023-07-07,328304.97
INV1986,Laptop,Electronics,Delhi,7,2637.1,2023-06-09,18459.7
INV1987,Camera,Electronics,Bangalore,3,8658.33,2023-12-15,25974.99
INV1988,Tablet,Electronics,Chennai,3,7020.57,2023-10-08,21061.71
INV1989,Laptop,Gadgets,Hyderabad,2,36436.01,2023-10-10,72872.02
INV1990,Smartphone,Gadgets,Mumbai,1,40980.37,2023-06-01,40980.37
INV1991,Smartphone,Electronics,Bangalore,7,11068.81,2023-04-02,77481.67
INV1992,Laptop,Accessories,Chennai,7,25539.71,2023-10-05,178777.97
INV1993,Headphones,Accessories,Hyderabad,2,42114.8,2023-01-23,84229.6
INV1994,Headphones,Electronics,Delhi,7,36773.68,2024-01-01,257415.76
INV1995,Camera,Gadgets,Delhi,8,27340.74,2023-07-07,218725.92
INV1996,Laptop,Gadgets,Delhi,1,29722.21,2023-01-15,29722.21
INV1997,Speaker,Electronics,Mumbai,9,25663.85,2023-09-18,230974.65
INV1998,Charger,Accessories,Hyderabad,7,15228.65,2023-11-13,106600.55
INV1999,Tablet,Electronics,Hyderabad,3,28468.59,2023-03-25,85405.77
