Sale_ID,Customer_Name,Region,Product_Category,Product_Name,Quantity,Unit_Price,Total_Sale_Value,Sale_Date
SID1000,Norma Fisher,West,Furniture,Bed,1,133.16,133.16,2024-02-21
SID1001,Katelyn Hull,South,Furniture,Sofa,8,182.23,1457.84,2025-05-09
SID1002,John Silva,East,Clothing,Jacket,3,379.12,1137.36,2025-07-09
SID1003,Charles Taylor,East,Clothing,Jacket,2,366.27,732.54,2023-10-16
SID1004,Danielle Browning,South,Furniture,Chair,6,219.92,1319.52,2025-02-01
SID1005,Stephanie Collins,North,Furniture,Bed,9,133.94,1205.46,2025-02-20
SID1006,Samuel Rivera,East,Electronics,Headphones,1,307.89,307.89,2024-10-11
SID1007,Jeffrey Carr,South,Clothing,Jacket,2,99.58,199.16,2025-07-13
SID1008,Juan Ramos,North,Clothing,Jeans,9,226.74,2040.66,2024-09-11
SID1009,Robert Dunn,East,Groceries,Cereal,2,154.22,308.44,2023-08-14
SID1010,Ryan Page,East,Electronics,Tablet,9,105.58,950.22,2025-04-04
SID1011,April Snyder,East,Furniture,Chair,10,399.98,3999.8,2025-06-07
SID1012,Nicholas Padilla,South,Clothing,Jacket,3,98.75,296.25,2023-09-21
SID1013,Keith Allen,South,Electronics,Tablet,8,39.2,313.6,2023-11-22
SID1014,Jo Miller,West,Clothing,Shirt,2,449.6,899.2,2024-04-08
SID1015,Yolanda Burns,West,Groceries,Bread,4,448.04,1792.16,2024-03-25
SID1016,Michelle Kelley,East,Groceries,Cereal,8,331.82,2654.56,2025-04-27
SID1017,Christina Lloyd,East,Electronics,Tablet,10,62.1,621.0,2024-10-02
SID1018,Jill Carlson,North,Clothing,Jeans,1,367.09,367.09,2024-05-28
SID1019,David White,North,Clothing,Jacket,3,169.61,508.83,2025-05-03
SID1020,Lonnie Douglas,North,Electronics,Laptop,4,27.39,109.56,2024-08-08
SID1021,Michael Anderson,North,Electronics,Smartphone,4,305.14,1220.56,2023-11-28
SID1022,Sarah Villanueva,North,Furniture,Chair,6,417.75,2506.5,2025-07-20
SID1023,Melinda Massey,South,Electronics,Smartphone,4,480.71,1922.84,2024-09-14
SID1024,Robert Atkinson,North,Electronics,Headphones,4,364.94,1459.76,2025-06-29
SID1025,Samantha Barnes,East,Electronics,Headphones,10,55.24,552.4,2024-03-04
SID1026,Matthew Davies,East,Electronics,Laptop,2,325.23,650.46,2025-07-16
SID1027,Mrs. Erika Wilson,North,Furniture,Table,1,254.3,254.3,2024-11-01
SID1028,Sarah Sanchez,West,Electronics,Headphones,4,133.77,535.08,2025-02-22
SID1029,Michael Watson,South,Clothing,Jeans,1,395.38,395.38,2023-12-14
SID1030,Robert Garcia,West,Clothing,Jacket,9,129.09,1161.81,2023-11-25
SID1031,Colleen Montoya,East,Clothing,Shirt,8,342.23,2737.84,2024-12-08
SID1032,Kimberly Becker,North,Groceries,Cereal,5,80.94,404.7,2023-08-24
SID1033,Colin Greer,East,Furniture,Chair,6,370.81,2224.86,2023-11-04
SID1034,Jacob Hooper,East,Clothing,Jeans,8,179.35,1434.8,2023-09-01
SID1035,Chloe Arellano,West,Groceries,Bread,5,197.07,985.35,2025-02-11
SID1036,Daniel Owen,East,Electronics,Smartphone,10,100.19,1001.9,2025-07-31
SID1037,Kimberly Oliver,West,Clothing,Jeans,4,320.51,1282.04,2025-05-14
SID1038,Daniel Lucas,West,Furniture,Chair,7,436.49,3055.43,2024-05-02
SID1039,Antonio Mcdonald,South,Electronics,Laptop,8,36.62,292.96,2024-11-09
SID1040,William Gonzalez,North,Furniture,Bed,9,303.97,2735.73,2024-05-08
SID1041,Julie Barrera,West,Electronics,Headphones,6,159.47,956.82,2024-10-19
SID1042,Michael Levy,North,Electronics,Headphones,4,276.54,1106.16,2023-09-18
SID1043,Brooke Martin,West,Clothing,Shirt,7,475.03,3325.21,2024-09-18
SID1044,Kyle Ramos,North,Groceries,Milk,4,12.07,48.28,2023-12-17
SID1045,Michael Mccullough,South,Electronics,Laptop,2,306.14,612.28,2025-06-13
SID1046,Emily Howard,West,Groceries,Eggs,3,54.59,163.77,2025-05-15
SID1047,Brittany Vazquez,North,Electronics,Smartphone,5,457.37,2286.85,2024-07-24
SID1048,Gabriella Williams,East,Groceries,Bread,9,409.55,3685.95,2024-03-09
SID1049,Philip Olson,North,Electronics,Laptop,5,426.36,2131.8,2024-11-19
SID1050,Ian Arroyo,East,Electronics,Laptop,5,281.39,1406.95,2024-12-08
SID1051,Brandi Collins,East,Electronics,Headphones,8,321.87,2574.96,2025-03-07
SID1052,Matthew Smith,North,Clothing,Jeans,7,295.63,2069.41,2023-12-31
SID1053,Caitlin Walker,East,Clothing,Jeans,5,170.04,850.2,2024-07-17
SID1054,Shawn Carroll,East,Electronics,Tablet,10,22.65,226.5,2024-06-20
SID1055,Shane Bradley,West,Clothing,Jeans,10,148.32,1483.2,2025-03-25
SID1056,Amber Griffin,South,Clothing,Jacket,2,241.64,483.28,2024-02-21
SID1057,Jill Dyer,North,Electronics,Tablet,3,429.23,1287.69,2025-07-09
SID1058,Nicole Henson,North,Groceries,Cereal,6,153.12,918.72,2024-08-22
SID1059,Ryan Williams,East,Electronics,Headphones,8,171.85,1374.8,2025-05-04
SID1060,Robin Lopez,West,Electronics,Headphones,2,351.3,702.6,2024-12-07
SID1061,Sara Anderson,South,Electronics,Tablet,6,368.7,2212.2,2023-08-15
SID1062,Michael Stewart,North,Clothing,Dress,2,37.59,75.18,2024-01-16
SID1063,Paul Baird,North,Clothing,Jeans,1,195.48,195.48,2025-01-09
SID1064,Anne Wilson,South,Furniture,Sofa,8,460.48,3683.84,2024-12-20
SID1065,Eric Barker,East,Furniture,Chair,6,113.97,683.82,2023-12-23
SID1066,Scott Sanders,North,Clothing,Dress,4,182.47,729.88,2023-10-06
SID1067,Thomas Marsh,West,Electronics,Headphones,4,63.86,255.44,2023-11-01
SID1068,Brandi Meyer,South,Groceries,Bread,1,498.54,498.54,2024-12-21
SID1069,Ashley Moore,East,Clothing,Shirt,4,231.91,927.64,2025-05-26
SID1070,Andrew Becker,South,Clothing,Shirt,10,491.58,4915.8,2024-10-10
SID1071,Jacob Bradley,East,Furniture,Bed,9,250.23,2252.07,2025-05-24
SID1072,Paul Miles,South,Furniture,Bed,4,273.69,1094.76,2024-12-25
SID1073,Mathew Ellis MD,North,Electronics,Tablet,6,409.97,2459.82,2025-06-10
SID1074,Christine Matthews,West,Clothing,Jacket,10,393.16,3931.6,2023-08-10
SID1075,Devon Morgan,North,Groceries,Cereal,2,400.97,801.94,2024-05-15
SID1076,Gina Oliver,North,Electronics,Laptop,3,25.11,75.33,2023-09-05
SID1077,Chase Silva,West,Furniture,Sofa,3,401.32,1203.96,2024-05-10
SID1078,Joshua Carter,North,Groceries,Cereal,9,253.7,2283.3,2024-08-09
SID1079,Taylor Parker,West,Electronics,Headphones,4,148.38,593.52,2025-05-30
SID1080,Andrea Powell,North,Furniture,Bed,10,295.26,2952.6,2024-04-15
SID1081,Brian Hoffman,East,Electronics,Laptop,5,255.89,1279.45,2024-08-11
SID1082,Ryan Cherry,East,Groceries,Milk,8,430.64,3445.12,2024-04-26
SID1083,Brian Jimenez,South,Furniture,Bed,7,35.82,250.74,2023-09-02
SID1084,Nicholas Kline,North,Clothing,Jacket,6,32.49,194.94,2025-07-18
SID1085,Justin Drake,North,Furniture,Bed,3,248.46,745.38,2024-12-12
SID1086,Robert Gonzalez,West,Clothing,Jacket,7,22.41,156.87,2024-01-22
SID1087,Adam Long,South,Furniture,Bed,1,55.23,55.23,2024-09-10
SID1088,Thomas Kramer,East,Electronics,Smartphone,10,310.61,3106.1,2025-02-08
SID1089,Jenny Richardson,West,Electronics,Tablet,4,194.79,779.16,2024-02-22
SID1090,Carol Lee,East,Electronics,Smartphone,10,351.9,3519.0,2023-11-01
SID1091,Scott Miles,West,Electronics,Tablet,3,479.44,1438.32,2025-07-05
SID1092,Nicole Harris,South,Groceries,Milk,9,430.91,3878.19,2024-08-24
SID1093,Daniel Williams,South,Electronics,Headphones,8,188.93,1511.44,2025-04-14
SID1094,Charles Gonzalez,North,Furniture,Sofa,2,478.47,956.94,2024-05-23
SID1095,Ronald Garcia,South,Furniture,Sofa,1,472.67,472.67,2024-11-09
SID1096,Mrs. Jennifer Frazier,West,Clothing,Shirt,9,350.76,3156.84,2025-06-15
SID1097,Meghan Barron,West,Groceries,Milk,3,215.86,647.58,2025-05-12
SID1098,Mr. Michael Harris DDS,West,Electronics,Smartphone,7,36.15,253.05,2024-01-20
SID1099,Michael Burgess,West,Clothing,Shirt,8,218.39,1747.12,2024-04-07
SID1100,Amanda Hernandez,North,Electronics,Headphones,6,362.66,2175.96,2024-02-19
SID1101,Brittney Gray,North,Groceries,Milk,2,182.83,365.66,2024-03-19
SID1102,Renee Jones,South,Groceries,Eggs,3,9.93,29.79,2023-10-08
SID1103,Suzanne Jones,South,Groceries,Milk,10,447.25,4472.5,2023-11-13
SID1104,Adrian Anthony,East,Electronics,Laptop,2,375.25,750.5,2024-04-16
SID1105,Rebecca Melton,South,Groceries,Milk,10,120.27,1202.7,2024-07-26
SID1106,Kathy Santana,East,Clothing,Dress,2,240.96,481.92,2024-08-28
SID1107,Brandon Bauer,West,Clothing,Shirt,4,184.31,737.24,2024-09-09
SID1108,Wanda Burgess,South,Groceries,Eggs,9,319.78,2878.02,2025-07-07
SID1109,Donna Santana,South,Electronics,Smartphone,9,292.52,2632.68,2024-06-23
SID1110,Karen Gibbs,East,Furniture,Table,3,403.17,1209.51,2024-05-31
SID1111,Cynthia Hancock,West,Clothing,Jeans,3,149.07,447.21,2023-08-19
SID1112,April White,North,Electronics,Laptop,10,15.17,151.7,2024-08-31
SID1113,Faith Snyder,West,Electronics,Laptop,7,153.2,1072.4,2024-02-23
SID1114,Elizabeth Russell,North,Clothing,Dress,5,320.3,1601.5,2025-04-24
SID1115,Christopher Walls,North,Clothing,Dress,6,320.34,1922.04,2024-02-05
SID1116,Ronald Brown,East,Furniture,Bed,1,211.53,211.53,2023-08-31
SID1117,Mr. Steve Guzman,West,Furniture,Table,6,150.19,901.14,2023-10-06
SID1118,Brittany Hatfield,South,Electronics,Laptop,2,142.1,284.2,2024-06-18
SID1119,John Ellis,West,Furniture,Bed,3,384.98,1154.94,2023-10-21
SID1120,Christian Johnson,South,Clothing,Jeans,8,173.49,1387.92,2024-11-25
SID1121,Fred Graves,South,Groceries,Cereal,2,244.23,488.46,2024-12-20
SID1122,James Frank,North,Groceries,Milk,8,311.27,2490.16,2024-08-18
SID1123,Antonio Haynes,East,Clothing,Jacket,2,385.47,770.94,2024-11-23
SID1124,Gail Martinez,West,Clothing,Dress,8,50.81,406.48,2025-01-15
SID1125,Elizabeth Sweeney,North,Clothing,Dress,5,317.87,1589.35,2025-07-12
SID1126,Edward Reese,West,Electronics,Tablet,1,5.13,5.13,2025-01-13
SID1127,Mrs. Shannon Forbes,East,Furniture,Bed,2,374.54,749.08,2023-09-02
SID1128,Jill Sherman,North,Groceries,Bread,10,47.2,472.0,2024-07-22
SID1129,Mark Huber,South,Groceries,Eggs,9,173.25,1559.25,2025-07-04
SID1130,Katelyn Santana,East,Clothing,Shirt,7,431.17,3018.19,2024-09-10
SID1131,Laura Robinson,West,Clothing,Jeans,9,57.13,514.17,2023-10-15
SID1132,Stacey Burton,South,Groceries,Eggs,8,189.04,1512.32,2024-08-28
SID1133,Jennifer Torres,West,Clothing,Shirt,2,193.81,387.62,2023-10-31
SID1134,Steven Henderson,West,Clothing,Jacket,6,317.9,1907.4,2023-10-08
SID1135,Jennifer Garcia,East,Clothing,Dress,8,348.87,2790.96,2025-03-27
SID1136,Troy Moody,West,Furniture,Chair,8,153.59,1228.72,2024-07-03
SID1137,Amanda Calhoun,West,Electronics,Laptop,1,180.92,180.92,2024-04-12
SID1138,Angela Jones,West,Electronics,Smartphone,2,344.72,689.44,2024-05-09
SID1139,Haley Thompson,North,Electronics,Tablet,1,62.5,62.5,2025-05-09
SID1140,Sabrina Jones,East,Groceries,Eggs,4,74.64,298.56,2025-06-27
SID1141,Aaron Hopkins,East,Clothing,Shirt,7,233.14,1631.98,2025-02-22
SID1142,Barbara Smith,West,Furniture,Table,6,213.75,1282.5,2024-05-16
SID1143,Tasha Hall,South,Clothing,Dress,3,264.46,793.38,2023-11-22
SID1144,Brian Cooper,West,Clothing,Jeans,8,177.84,1422.72,2024-02-20
SID1145,Vincent Cox,South,Furniture,Bed,7,366.24,2563.68,2024-08-05
SID1146,Elizabeth Johns,West,Furniture,Table,10,356.45,3564.5,2024-10-06
SID1147,Catherine Kaiser,East,Electronics,Laptop,2,436.15,872.3,2023-10-22
SID1148,Elizabeth Bennett,North,Electronics,Laptop,4,307.34,1229.36,2023-11-26
SID1149,Regina Stewart,West,Groceries,Eggs,7,231.86,1623.02,2024-02-08
SID1150,Clinton Watson,South,Furniture,Bed,5,353.54,1767.7,2024-12-31
SID1151,Carlos Smith,South,Groceries,Eggs,1,26.68,26.68,2023-10-03
SID1152,Bonnie Evans,South,Groceries,Milk,5,329.04,1645.2,2024-06-22
SID1153,Brenda Henderson,West,Electronics,Headphones,4,485.48,1941.92,2024-12-10
SID1154,David Chen,North,Clothing,Dress,4,173.05,692.2,2024-12-10
SID1155,Amy Ortiz,East,Electronics,Tablet,6,270.27,1621.62,2024-06-23
SID1156,Stephanie Alexander,East,Groceries,Milk,9,26.95,242.55,2024-05-18
SID1157,John Clements,South,Electronics,Laptop,9,176.14,1585.26,2025-04-13
SID1158,Brian Jacobs,West,Groceries,Eggs,5,260.87,1304.35,2023-12-01
SID1159,Jill Ross,South,Groceries,Cereal,6,436.63,2619.78,2025-03-22
SID1160,Christopher Chung,West,Electronics,Tablet,9,40.81,367.29,2024-04-24
SID1161,Brenda Ford,West,Furniture,Bed,1,458.99,458.99,2024-12-11
SID1162,Paul Phillips,North,Furniture,Bed,8,63.47,507.76,2025-05-09
SID1163,Lisa Smith,South,Clothing,Shirt,3,209.94,629.82,2024-03-22
SID1164,William Turner,West,Furniture,Chair,7,281.71,1971.97,2024-11-19
SID1165,Michael Ruiz,South,Electronics,Laptop,4,247.56,990.24,2025-01-11
SID1166,Dr. Joshua Sullivan DDS,North,Groceries,Eggs,6,497.36,2984.16,2023-08-20
SID1167,Stephen Williams,West,Groceries,Bread,5,389.84,1949.2,2024-02-19
SID1168,Steve Mckinney,North,Groceries,Eggs,4,13.2,52.8,2024-07-14
SID1169,David Campbell,North,Clothing,Dress,4,112.94,451.76,2025-03-12
SID1170,Christina Miller,East,Furniture,Chair,2,195.42,390.84,2023-09-27
SID1171,Elizabeth Morgan,East,Electronics,Tablet,4,339.07,1356.28,2024-09-18
SID1172,Stephanie Gill,East,Clothing,Jeans,2,261.49,522.98,2023-09-25
SID1173,Dylan Meyer,South,Clothing,Jacket,8,146.98,1175.84,2024-10-22
SID1174,Christine Garcia,East,Clothing,Shirt,9,254.9,2294.1,2024-12-08
SID1175,Natalie Strong,South,Electronics,Laptop,7,81.85,572.95,2024-03-07
SID1176,Jacob Fuller,West,Electronics,Laptop,4,391.81,1567.24,2023-12-03
SID1177,Bryan Morales,West,Clothing,Jeans,3,409.01,1227.03,2024-08-01
SID1178,Michael Gomez,North,Groceries,Bread,8,450.9,3607.2,2024-08-05
SID1179,Claudia Burns,North,Electronics,Tablet,8,230.52,1844.16,2024-08-27
SID1180,Matthew Brown,West,Clothing,Jeans,8,405.57,3244.56,2024-03-24
SID1181,Jon Clay,West,Groceries,Milk,5,73.03,365.15,2024-01-18
SID1182,John Oneal,North,Clothing,Jacket,5,195.13,975.65,2023-08-11
SID1183,Veronica Mcdaniel,South,Clothing,Shirt,6,364.6,2187.6,2023-10-06
SID1184,Natalie Caldwell,South,Groceries,Cereal,4,133.75,535.0,2023-08-08
SID1185,Brian Smith,North,Groceries,Milk,6,288.93,1733.58,2024-02-29
SID1186,Melissa Acosta,North,Clothing,Jacket,1,248.1,248.1,2024-01-27
SID1187,Kenneth Lee,East,Electronics,Laptop,1,11.16,11.16,2024-07-06
SID1188,Gary Jackson,West,Electronics,Smartphone,6,486.19,2917.14,2024-06-26
SID1189,Melissa Hernandez,East,Clothing,Jeans,8,220.43,1763.44,2025-07-28
SID1190,Kelly Anderson,West,Groceries,Bread,6,365.39,2192.34,2025-07-11
SID1191,Gregory Lucero,West,Furniture,Chair,7,446.01,3122.07,2024-06-30
SID1192,Jean Robinson,South,Electronics,Smartphone,7,477.21,3340.47,2024-01-03
SID1193,Dan Mckinney,South,Electronics,Laptop,10,435.08,4350.8,2025-07-07
SID1194,David Miller,South,Electronics,Tablet,4,420.87,1683.48,2023-12-27
SID1195,Patrick Byrd,South,Clothing,Shirt,3,372.69,1118.07,2024-02-01
SID1196,Lisa Bush,West,Electronics,Headphones,10,56.31,563.1,2024-09-04
SID1197,Patricia Andrade,West,Clothing,Shirt,5,173.42,867.1,2024-06-18
SID1198,Mark Black,East,Electronics,Smartphone,8,49.36,394.88,2024-12-19
SID1199,Tara Villa,South,Clothing,Dress,4,256.18,1024.72,2024-10-28
SID1200,David Alvarez,West,Furniture,Sofa,5,402.65,2013.25,2024-04-21
SID1201,Andrew Martin,West,Electronics,Tablet,9,450.77,4056.93,2023-08-07
SID1202,Adam Brown,North,Electronics,Tablet,1,230.68,230.68,2024-07-01
SID1203,Tracy Sanders,East,Furniture,Sofa,8,30.32,242.56,2025-07-19
SID1204,Corey Franklin,East,Electronics,Tablet,10,352.84,3528.4,2024-11-16
SID1205,Rebecca Morris,East,Clothing,Jacket,7,489.34,3425.38,2024-07-22
SID1206,Dawn Boyd,South,Clothing,Shirt,10,490.95,4909.5,2023-12-29
SID1207,Daniel Warren,North,Groceries,Bread,3,168.68,506.04,2023-12-27
SID1208,Danielle Daniel,East,Electronics,Laptop,6,184.78,1108.68,2024-03-25
SID1209,Scott Scott,South,Groceries,Cereal,7,302.35,2116.45,2024-04-27
SID1210,Cynthia Torres,South,Electronics,Laptop,10,26.58,265.8,2024-10-05
SID1211,Joel Hardy,East,Groceries,Milk,8,455.4,3643.2,2023-09-09
SID1212,Jennifer Snyder,East,Clothing,Shirt,9,468.36,4215.24,2024-07-10
SID1213,Brad Garcia,South,Clothing,Jeans,2,331.14,662.28,2025-03-20
SID1214,Stephen Lewis,East,Electronics,Headphones,7,136.55,955.85,2024-11-21
SID1215,Jeffery Fischer,East,Electronics,Headphones,5,473.4,2367.0,2025-05-09
SID1216,Tyler Wright,North,Groceries,Bread,7,396.8,2777.6,2024-01-21
SID1217,Seth Michael,North,Clothing,Dress,6,234.74,1408.44,2024-04-08
SID1218,Ashley Lam DDS,South,Furniture,Table,1,184.3,184.3,2025-04-07
SID1219,Edward Ramos,South,Clothing,Jacket,8,14.48,115.84,2024-11-15
SID1220,Mark Nelson,West,Clothing,Jacket,3,472.75,1418.25,2023-08-16
SID1221,Richard Garcia,West,Electronics,Headphones,4,373.3,1493.2,2025-02-23
SID1222,Daniel Hobbs,North,Electronics,Laptop,3,223.05,669.15,2024-12-28
SID1223,Joseph Patterson,East,Furniture,Bed,5,130.08,650.4,2023-09-11
SID1224,Matthew Wilson,North,Groceries,Milk,5,19.92,99.6,2025-02-26
SID1225,Crystal Moran,West,Groceries,Bread,7,196.38,1374.66,2024-10-01
SID1226,Connie Decker,South,Electronics,Headphones,6,415.78,2494.68,2024-02-06
SID1227,Eric Murphy,South,Groceries,Eggs,1,202.06,202.06,2024-05-19
SID1228,Donna Jackson,East,Electronics,Smartphone,10,433.15,4331.5,2025-04-23
SID1229,Jonathan Richardson,West,Electronics,Smartphone,4,360.06,1440.24,2024-12-09
SID1230,Carlos Foster,South,Electronics,Tablet,1,160.83,160.83,2023-12-19
SID1231,Angela Hubbard,West,Groceries,Cereal,3,299.85,899.55,2025-04-01
SID1232,Kathleen Saunders,South,Groceries,Milk,3,67.06,201.18,2024-01-16
SID1233,Carlos Hall,West,Furniture,Chair,9,26.52,238.68,2024-05-28
SID1234,Kevin Fuller,North,Clothing,Jacket,10,407.43,4074.3,2025-07-03
SID1235,Lisa Johnson,East,Clothing,Jacket,4,401.1,1604.4,2024-11-09
SID1236,Jesus Smith,South,Groceries,Eggs,9,468.08,4212.72,2024-01-21
SID1237,Carla Koch,South,Furniture,Table,1,318.11,318.11,2025-04-23
SID1238,Karen Edwards,West,Electronics,Tablet,2,100.48,200.96,2025-05-23
SID1239,Chad Morales,East,Clothing,Dress,9,83.9,755.1,2023-12-30
SID1240,Rachel Cruz,North,Clothing,Dress,9,33.3,299.7,2023-09-18
SID1241,Ethan Burgess,East,Groceries,Milk,2,56.47,112.94,2024-02-13
SID1242,Jeremy Swanson,North,Furniture,Sofa,7,258.64,1810.48,2024-12-26
SID1243,Gregory Martin,South,Clothing,Jacket,1,95.39,95.39,2023-08-17
SID1244,Joshua Oconnor,West,Electronics,Tablet,10,100.7,1007.0,2023-11-29
SID1245,John Brown,South,Electronics,Tablet,7,456.28,3193.96,2024-02-07
SID1246,Darius Valdez,East,Groceries,Milk,7,31.73,222.11,2023-09-24
SID1247,Haley Beck,West,Groceries,Eggs,10,425.3,4253.0,2023-11-17
SID1248,Cindy Graham,East,Furniture,Table,1,229.6,229.6,2024-05-08
SID1249,Matthew Chandler,North,Clothing,Dress,2,182.02,364.04,2025-04-04
SID1250,Janet Ortiz,North,Electronics,Tablet,1,92.66,92.66,2024-02-24
SID1251,Regina Hooper,West,Groceries,Cereal,9,374.28,3368.52,2025-02-01
SID1252,Andrew Dorsey,West,Furniture,Chair,1,270.13,270.13,2024-06-16
SID1253,Carolyn Mason,North,Groceries,Milk,9,52.38,471.42,2024-11-29
SID1254,Kayla Oconnor,North,Groceries,Eggs,2,238.33,476.66,2023-11-27
SID1255,David Clayton,East,Clothing,Jacket,1,5.36,5.36,2023-12-18
SID1256,Alex Drake,South,Clothing,Jeans,3,91.43,274.29,2023-12-13
SID1257,Sara Hoffman,West,Clothing,Jacket,1,244.04,244.04,2025-02-11
SID1258,Timothy Harper,East,Electronics,Laptop,4,319.66,1278.64,2024-11-27
SID1259,Michelle Mendez,West,Clothing,Jeans,6,116.89,701.34,2023-09-04
SID1260,Robert Oconnor,North,Furniture,Sofa,10,73.31,733.1,2023-08-25
SID1261,Stacy Crawford,South,Clothing,Shirt,7,360.64,2524.48,2024-05-08
SID1262,Chris Young,North,Clothing,Shirt,1,412.92,412.92,2024-05-06
SID1263,Paul Morgan,South,Electronics,Smartphone,2,288.64,577.28,2025-04-18
SID1264,James Collins DVM,East,Clothing,Dress,1,212.27,212.27,2024-10-04
SID1265,Andrew Schmidt,West,Clothing,Jeans,6,257.57,1545.42,2024-10-05
SID1266,Michael Bryant,East,Electronics,Laptop,7,285.22,1996.54,2025-02-14
SID1267,Gregory Williams,West,Electronics,Headphones,7,126.59,886.13,2024-03-03
SID1268,Amanda Becker,West,Clothing,Dress,4,324.41,1297.64,2024-10-29
SID1269,Tanya Cooley,East,Electronics,Tablet,5,443.09,2215.45,2025-03-17
SID1270,Joseph Peterson,East,Electronics,Headphones,4,141.76,567.04,2025-05-13
SID1271,Christine Knight,North,Furniture,Chair,9,439.43,3954.87,2024-04-15
SID1272,Terri Sanchez,West,Clothing,Dress,1,385.03,385.03,2025-01-08
SID1273,Melanie Gomez,South,Furniture,Chair,8,304.07,2432.56,2025-07-15
SID1274,Brittany Mathis,East,Clothing,Jacket,8,208.49,1667.92,2025-05-01
SID1275,Robert Cunningham,East,Electronics,Tablet,6,75.63,453.78,2024-04-27
SID1276,Mario Morris,East,Furniture,Chair,4,439.18,1756.72,2025-04-03
SID1277,Jeffrey Jackson,North,Clothing,Jacket,5,193.16,965.8,2025-04-07
SID1278,Andrew Martinez,East,Groceries,Cereal,1,342.7,342.7,2025-07-25
SID1279,Nathan Browning,North,Furniture,Table,6,71.41,428.46,2024-12-31
SID1280,Paula Burgess,West,Groceries,Bread,1,218.14,218.14,2023-12-27
SID1281,Timothy Ramirez,South,Furniture,Chair,2,390.01,780.02,2025-05-09
SID1282,Christopher Hopkins,North,Clothing,Jeans,4,86.41,345.64,2023-12-04
SID1283,Teresa Chen,East,Clothing,Dress,6,450.43,2702.58,2024-09-29
SID1284,Nicole Baker,East,Groceries,Milk,7,387.84,2714.88,2024-03-12
SID1285,Richard Weiss,South,Clothing,Jacket,9,484.42,4359.78,2024-03-08
SID1286,Kimberly Spencer,West,Furniture,Sofa,4,440.84,1763.36,2024-04-25
SID1287,Richard Moody,West,Groceries,Cereal,8,258.22,2065.76,2025-05-21
SID1288,Jorge Mueller,North,Furniture,Chair,3,78.08,234.24,2025-01-29
SID1289,Kristine Ward,South,Clothing,Shirt,5,345.83,1729.15,2023-09-01
SID1290,Jennifer Mendez,East,Furniture,Chair,1,10.19,10.19,2025-04-19
SID1291,Stephanie Cox,East,Furniture,Sofa,2,339.61,679.22,2023-12-05
SID1292,Lynn Burton,North,Groceries,Cereal,4,461.75,1847.0,2024-08-24
SID1293,Nicolas Duncan,West,Clothing,Shirt,3,439.94,1319.82,2024-02-08
SID1294,Tony House,South,Clothing,Dress,7,135.74,950.18,2023-10-03
SID1295,Cynthia Reeves,West,Furniture,Table,8,284.65,2277.2,2025-06-04
SID1296,Renee Bush,West,Electronics,Headphones,6,120.38,722.28,2023-12-28
SID1297,Thomas Reilly,West,Electronics,Headphones,10,55.39,553.9,2024-12-09
SID1298,Dillon Kim,East,Furniture,Bed,5,94.6,473.0,2025-03-14
SID1299,Lisa Davis,South,Clothing,Jacket,10,416.64,4166.4,2023-08-27
SID1300,Phillip Harris MD,West,Furniture,Chair,2,241.67,483.34,2024-07-07
SID1301,Lori Price,North,Electronics,Tablet,8,118.68,949.44,2025-06-17
SID1302,Lauren Gomez,South,Groceries,Bread,6,406.87,2441.22,2024-10-18
SID1303,Michael Murphy,North,Electronics,Laptop,10,281.57,2815.7,2023-08-22
SID1304,Thomas Taylor,West,Electronics,Headphones,9,351.39,3162.51,2023-10-06
SID1305,Hannah Smith,East,Electronics,Headphones,9,176.9,1592.1,2023-12-30
SID1306,Megan Ruiz,East,Electronics,Smartphone,4,117.19,468.76,2024-04-04
SID1307,Sarah Landry,East,Groceries,Bread,1,250.34,250.34,2024-04-04
SID1308,Calvin Haney,South,Electronics,Smartphone,5,288.97,1444.85,2024-12-09
SID1309,Michael Larson,South,Groceries,Cereal,3,119.66,358.98,2024-06-12
SID1310,Kayla Martin,South,Furniture,Sofa,5,195.25,976.25,2025-06-27
SID1311,John May,West,Electronics,Headphones,6,252.63,1515.78,2025-03-19
SID1312,Monica Stone,East,Clothing,Jacket,6,218.8,1312.8,2025-05-04
SID1313,Natasha Welch,East,Furniture,Sofa,2,242.47,484.94,2023-12-21
SID1314,Kevin Miller,South,Electronics,Headphones,3,175.29,525.87,2024-10-11
SID1315,Derek Mcbride,West,Clothing,Jacket,8,118.2,945.6,2024-04-14
SID1316,Dawn Green,South,Furniture,Bed,9,233.58,2102.22,2025-07-30
SID1317,Thomas Sherman,North,Furniture,Sofa,8,120.16,961.28,2024-07-17
SID1318,Amanda Richards,South,Electronics,Headphones,6,200.16,1200.96,2024-12-14
SID1319,Stephanie Stewart,West,Furniture,Chair,10,386.83,3868.3,2023-09-28
SID1320,Richard Carr,South,Electronics,Tablet,4,364.09,1456.36,2025-04-25
SID1321,Christopher Cook,North,Electronics,Laptop,6,18.99,113.94,2024-12-24
SID1322,Raymond Brown,North,Electronics,Headphones,9,7.23,65.07,2023-10-07
SID1323,Gwendolyn Hess,North,Clothing,Shirt,8,102.86,822.88,2023-10-05
SID1324,Lawrence Hudson,South,Furniture,Chair,9,92.68,834.12,2024-04-20
SID1325,Kayla Archer,North,Clothing,Dress,7,239.97,1679.79,2025-06-03
SID1326,Brandy Schaefer,North,Furniture,Table,7,488.15,3417.05,2023-12-23
SID1327,Alicia Blackwell,East,Groceries,Milk,10,176.8,1768.0,2024-01-01
SID1328,Matthew Hale,North,Groceries,Cereal,3,299.97,899.91,2025-04-13
SID1329,Anthony Saunders,South,Groceries,Milk,2,140.07,280.14,2025-02-06
SID1330,Thomas Mcintosh,East,Clothing,Dress,4,288.72,1154.88,2024-06-16
SID1331,Henry Winters,North,Clothing,Dress,9,252.68,2274.12,2025-03-13
SID1332,Eric Sweeney,West,Furniture,Chair,9,447.17,4024.53,2024-07-21
SID1333,Andre Lang,West,Clothing,Dress,9,173.21,1558.89,2023-12-29
SID1334,Amy Davis,East,Groceries,Cereal,2,284.67,569.34,2023-08-24
SID1335,Christopher Gilbert,West,Clothing,Dress,4,178.77,715.08,2024-12-23
SID1336,Erica Gibbs,West,Electronics,Headphones,1,278.47,278.47,2025-03-05
SID1337,Kathleen Miller,West,Clothing,Dress,4,130.34,521.36,2023-09-13
SID1338,Jennifer Bowers,West,Clothing,Jeans,8,145.34,1162.72,2025-07-22
SID1339,Matthew Davis,North,Clothing,Shirt,4,153.45,613.8,2025-05-07
SID1340,Ian Garcia,South,Electronics,Laptop,6,23.16,138.96,2023-08-29
SID1341,Jose Ballard,South,Furniture,Bed,4,208.68,834.72,2023-09-01
SID1342,George Blackburn,East,Clothing,Dress,1,394.59,394.59,2025-01-25
SID1343,Christopher Mccall,West,Clothing,Jacket,3,262.01,786.03,2024-12-13
SID1344,Terri Villa,West,Clothing,Dress,10,464.76,4647.6,2024-04-14
SID1345,Karen Barron,East,Electronics,Laptop,8,452.95,3623.6,2025-01-11
SID1346,Darrell Reid,South,Clothing,Shirt,1,35.82,35.82,2024-04-15
SID1347,David Perez,West,Furniture,Table,2,431.66,863.32,2025-06-16
SID1348,Jack Cunningham,South,Groceries,Eggs,8,344.3,2754.4,2024-05-30
SID1349,Alexis Conrad,East,Groceries,Eggs,8,198.45,1587.6,2023-08-08
SID1350,Michelle Jackson,North,Furniture,Chair,3,113.79,341.37,2023-11-27
SID1351,Roger Hicks,South,Clothing,Dress,8,355.34,2842.72,2023-09-02
SID1352,Timothy Berry,North,Groceries,Milk,1,206.04,206.04,2023-11-26
SID1353,Megan James,North,Furniture,Bed,9,109.18,982.62,2023-08-24
SID1354,Keith Parks,North,Clothing,Dress,5,193.17,965.85,2025-02-06
SID1355,Chad Dixon,East,Electronics,Headphones,1,105.96,105.96,2024-09-21
SID1356,Carlos Knight,South,Groceries,Milk,1,384.84,384.84,2024-05-02
SID1357,Jessica Graham,North,Electronics,Tablet,3,235.55,706.65,2024-08-03
SID1358,Thomas Allen,East,Furniture,Sofa,4,194.45,777.8,2024-08-11
SID1359,Kevin Houston,East,Clothing,Jacket,2,26.78,53.56,2024-03-05
SID1360,Jacqueline Johnson,East,Furniture,Chair,9,242.32,2180.88,2024-11-21
SID1361,Sherri Hill,South,Furniture,Chair,2,219.95,439.9,2024-11-20
SID1362,Robert Maynard,South,Clothing,Shirt,2,354.22,708.44,2023-10-25
SID1363,Sarah Thomas,East,Electronics,Tablet,5,195.23,976.15,2024-06-03
SID1364,Jason Berg,South,Groceries,Eggs,10,402.52,4025.2,2024-06-04
SID1365,Brian Murray,South,Electronics,Tablet,9,278.36,2505.24,2024-07-27
SID1366,Gilbert Jenkins,East,Furniture,Chair,5,169.13,845.65,2024-11-04
SID1367,Sharon Gill,North,Electronics,Headphones,2,129.5,259.0,2023-10-30
SID1368,Haley Fuller,South,Electronics,Laptop,8,22.16,177.28,2025-03-21
SID1369,Joseph Brown,South,Groceries,Milk,9,418.99,3770.91,2025-06-15
SID1370,Cassandra Silva,West,Clothing,Jeans,7,104.7,732.9,2024-03-20
SID1371,Andrew Arnold,East,Groceries,Bread,5,361.78,1808.9,2023-08-31
SID1372,Debra Luna,South,Clothing,Jeans,8,414.97,3319.76,2024-04-29
SID1373,Brian Kelly,East,Groceries,Milk,2,331.84,663.68,2023-08-28
SID1374,James Jones,North,Groceries,Eggs,1,46.86,46.86,2025-02-06
SID1375,Angela Coleman,South,Groceries,Milk,3,357.37,1072.11,2025-02-18
SID1376,Caroline Clark,West,Groceries,Cereal,2,210.24,420.48,2024-01-28
SID1377,Chad Snyder,East,Electronics,Smartphone,10,489.82,4898.2,2025-07-02
SID1378,Nancy Moran,East,Clothing,Jacket,4,316.02,1264.08,2024-04-20
SID1379,Rebekah Sloan,East,Electronics,Smartphone,1,321.02,321.02,2025-05-15
SID1380,Scott Nolan,East,Electronics,Tablet,6,488.97,2933.82,2024-04-26
SID1381,Tracy Patel,North,Electronics,Laptop,9,74.31,668.79,2023-11-24
SID1382,Victoria Manning,East,Furniture,Bed,5,293.3,1466.5,2024-03-28
SID1383,Thomas Gray,West,Groceries,Cereal,8,355.59,2844.72,2024-06-02
SID1384,Kayla Oconnell,West,Groceries,Bread,9,30.39,273.51,2024-06-14
SID1385,Melinda Moore,North,Furniture,Chair,4,45.15,180.6,2023-08-07
SID1386,Madison Pollard,East,Clothing,Jeans,8,12.52,100.16,2025-06-18
SID1387,Melissa Holland,East,Furniture,Chair,9,127.03,1143.27,2024-01-10
SID1388,Lindsey Palmer,North,Groceries,Cereal,7,238.01,1666.07,2024-02-27
SID1389,Lisa Bennett,South,Clothing,Jacket,4,128.36,513.44,2025-04-11
SID1390,Brian Cox,East,Groceries,Bread,3,278.08,834.24,2025-02-15
SID1391,Mr. Jesse Silva,West,Electronics,Laptop,4,432.77,1731.08,2024-02-17
SID1392,Robin Perez,South,Clothing,Jeans,9,68.77,618.93,2023-12-05
SID1393,Samantha Miller,South,Clothing,Jacket,1,362.36,362.36,2025-05-30
SID1394,Stacey Johnson,West,Electronics,Headphones,3,193.6,580.8,2024-12-15
SID1395,Sherry Holmes,North,Clothing,Dress,9,265.44,2388.96,2024-11-18
SID1396,Jessica Sutton,North,Clothing,Shirt,9,10.77,96.93,2024-02-25
SID1397,Chad Price,East,Electronics,Laptop,7,227.94,1595.58,2025-06-21
SID1398,Anthony Brooks,North,Furniture,Sofa,7,132.84,929.88,2025-04-18
SID1399,Kevin Cook,North,Clothing,Jeans,4,429.71,1718.84,2024-08-31
SID1400,Amanda Harvey,South,Electronics,Headphones,4,228.05,912.2,2024-02-28
SID1401,Katherine Newman,East,Groceries,Milk,10,78.13,781.3,2024-08-05
SID1402,David Diaz,East,Groceries,Eggs,9,322.62,2903.58,2024-03-25
SID1403,Sandra Thomas,South,Clothing,Shirt,8,404.42,3235.36,2023-09-26
SID1404,Karen Knight,South,Furniture,Sofa,8,154.2,1233.6,2024-06-17
SID1405,Deborah Hall,West,Furniture,Sofa,6,177.76,1066.56,2023-10-29
SID1406,Ian Davis,South,Furniture,Bed,9,152.46,1372.14,2024-12-27
SID1407,Samantha Taylor,South,Clothing,Dress,4,136.25,545.0,2024-10-10
SID1408,Andrew Sullivan,East,Clothing,Dress,6,133.19,799.14,2025-01-28
SID1409,Katherine Vaughn,West,Furniture,Chair,4,484.28,1937.12,2025-07-27
SID1410,Gregory Deleon,East,Electronics,Smartphone,4,300.61,1202.44,2025-06-11
SID1411,Aaron Perez,East,Electronics,Laptop,3,310.99,932.97,2025-05-16
SID1412,Mrs. Alexa Kelly,South,Groceries,Milk,1,15.22,15.22,2024-09-02
SID1413,Anna Torres,East,Groceries,Bread,7,412.49,2887.43,2024-06-27
SID1414,Jacob James,North,Groceries,Milk,10,218.81,2188.1,2025-03-14
SID1415,Dwayne Gonzalez,East,Electronics,Laptop,1,298.97,298.97,2025-03-28
SID1416,Dr. Ian Cruz,South,Groceries,Bread,7,102.42,716.94,2023-11-12
SID1417,Barbara Kelly,West,Clothing,Dress,3,307.81,923.43,2025-06-08
SID1418,Matthew Brooks,North,Clothing,Shirt,1,220.89,220.89,2025-07-15
SID1419,Donald Kaufman,South,Clothing,Shirt,7,158.6,1110.2,2025-03-21
SID1420,Wendy Delacruz,East,Electronics,Tablet,3,161.48,484.44,2024-08-10
SID1421,Barbara Moore,East,Furniture,Bed,10,456.83,4568.3,2025-07-28
SID1422,Cody Blanchard,East,Electronics,Headphones,3,449.53,1348.59,2024-08-25
SID1423,Michael Hester,West,Furniture,Bed,7,337.12,2359.84,2024-07-30
SID1424,Veronica Bray,South,Clothing,Shirt,10,387.81,3878.1,2024-10-16
SID1425,Connie Ross,West,Furniture,Sofa,2,343.87,687.74,2024-04-01
SID1426,Mr. Michael Davis,North,Groceries,Eggs,2,319.47,638.94,2024-04-06
SID1427,Travis Hoover,South,Electronics,Smartphone,10,12.34,123.4,2024-07-04
SID1428,Ms. Amanda Davis,West,Electronics,Headphones,7,392.99,2750.93,2024-01-06
SID1429,Cassandra White,West,Electronics,Tablet,3,47.11,141.33,2025-01-27
SID1430,David Williams,North,Clothing,Shirt,4,209.15,836.6,2024-05-27
SID1431,Beverly Underwood,East,Electronics,Headphones,3,282.33,846.99,2024-11-16
SID1432,Christina Figueroa,West,Furniture,Bed,9,32.12,289.08,2024-01-04
SID1433,Kelly Howell,South,Clothing,Jeans,4,296.33,1185.32,2024-06-21
SID1434,Christopher Young,South,Electronics,Headphones,5,137.6,688.0,2025-07-25
SID1435,John Smith,North,Furniture,Chair,1,264.12,264.12,2024-01-14
SID1436,Preston Gilbert,South,Electronics,Tablet,3,387.48,1162.44,2024-02-29
SID1437,Gregory Richardson,East,Electronics,Tablet,1,371.47,371.47,2024-04-22
SID1438,Margaret Carlson,North,Clothing,Jacket,10,376.78,3767.8,2023-10-14
SID1439,Brian Garcia,West,Groceries,Bread,5,228.28,1141.4,2023-08-22
SID1440,Lisa Hopkins,West,Furniture,Chair,2,161.19,322.38,2024-05-24
SID1441,William Flores,North,Furniture,Bed,9,215.81,1942.29,2024-06-26
SID1442,Barbara Garcia,East,Clothing,Jeans,7,415.24,2906.68,2025-07-11
SID1443,Jordan West,West,Clothing,Shirt,3,82.17,246.51,2023-12-20
SID1444,Gerald Butler,East,Electronics,Smartphone,9,137.47,1237.23,2024-05-23
SID1445,Jonathan Wilkins,East,Groceries,Cereal,7,297.78,2084.46,2025-06-04
SID1446,David Castillo,North,Furniture,Sofa,4,389.72,1558.88,2025-07-30
SID1447,Jeremy Barron,North,Furniture,Sofa,6,397.29,2383.74,2024-10-06
SID1448,Phillip Griffin,West,Clothing,Shirt,8,59.92,479.36,2024-07-02
SID1449,John Thomas,North,Clothing,Shirt,9,256.37,2307.33,2024-07-11
SID1450,Matthew Greene,East,Groceries,Milk,6,94.01,564.06,2025-07-25
SID1451,Ronald Cohen,South,Furniture,Bed,7,5.65,39.55,2023-12-27
SID1452,Joseph Nunez,West,Furniture,Sofa,3,461.4,1384.2,2023-09-18
SID1453,Andrew Berg,West,Clothing,Dress,5,344.05,1720.25,2025-04-20
SID1454,Steven Myers,South,Clothing,Shirt,8,499.41,3995.28,2023-12-27
SID1455,Corey Myers,West,Furniture,Sofa,10,167.24,1672.4,2025-04-06
SID1456,Patricia Morgan,West,Clothing,Dress,7,122.43,857.01,2025-03-16
SID1457,Kelly Ramsey,South,Groceries,Bread,4,131.18,524.72,2023-12-24
SID1458,Kimberly York,South,Groceries,Cereal,4,301.67,1206.68,2024-10-29
SID1459,Mark Williamson,East,Groceries,Bread,3,422.82,1268.46,2025-07-02
SID1460,Tanya George,South,Clothing,Shirt,8,242.51,1940.08,2023-08-29
SID1461,Taylor Bridges,South,Groceries,Bread,2,272.7,545.4,2024-10-08
SID1462,April Brown,East,Groceries,Cereal,5,258.31,1291.55,2024-02-08
SID1463,Michael Walker,South,Furniture,Sofa,1,26.45,26.45,2025-01-16
SID1464,Vincent Black,East,Clothing,Dress,2,129.17,258.34,2025-07-22
SID1465,Virginia Mcclure,West,Furniture,Bed,6,425.01,2550.06,2024-04-22
SID1466,Corey Watson PhD,South,Electronics,Smartphone,1,170.65,170.65,2025-02-11
SID1467,Jeffrey Alvarado,West,Groceries,Cereal,5,276.24,1381.2,2025-05-22
SID1468,Andrea Robinson MD,North,Furniture,Sofa,4,473.29,1893.16,2023-12-02
SID1469,Jennifer Marshall,East,Electronics,Smartphone,9,495.02,4455.18,2024-09-26
SID1470,Jacob Williams,North,Electronics,Laptop,1,25.42,25.42,2024-06-14
SID1471,Scott Richards,South,Groceries,Milk,10,435.8,4358.0,2025-06-12
SID1472,Kimberly Schultz,South,Clothing,Jacket,5,83.58,417.9,2025-01-04
SID1473,Marvin Burns,East,Clothing,Jeans,3,438.58,1315.74,2024-05-25
SID1474,Andrea Jacobs,East,Furniture,Sofa,3,368.54,1105.62,2025-02-21
SID1475,Adrian Barnes DDS,West,Clothing,Shirt,3,449.62,1348.86,2024-04-02
SID1476,Alexander Stokes,West,Clothing,Jeans,10,13.51,135.1,2024-11-22
SID1477,Alyssa Boyer,East,Clothing,Jacket,2,449.72,899.44,2024-09-05
SID1478,John Rodriguez,North,Clothing,Shirt,3,412.84,1238.52,2024-07-16
SID1479,Ryan Robinson,North,Furniture,Table,3,245.06,735.18,2024-05-28
SID1480,Tammy Perez,West,Groceries,Bread,3,231.03,693.09,2024-11-04
SID1481,Brandon Moore,West,Clothing,Jacket,4,54.69,218.76,2024-12-02
SID1482,Karina Moses,East,Groceries,Eggs,9,296.37,2667.33,2024-09-16
SID1483,Francisco Daniel,South,Clothing,Jacket,9,199.27,1793.43,2023-08-22
SID1484,Lawrence Walls,North,Furniture,Chair,10,454.7,4547.0,2023-11-15
SID1485,Stacey Wilson,South,Clothing,Dress,3,214.16,642.48,2024-07-02
SID1486,Mark Baker,East,Clothing,Shirt,5,223.04,1115.2,2023-11-01
SID1487,James Pratt,West,Furniture,Chair,6,417.39,2504.34,2023-12-29
SID1488,Kimberly Brown,North,Furniture,Table,9,286.77,2580.93,2024-09-07
SID1489,Candice Simpson,West,Groceries,Cereal,9,381.9,3437.1,2023-08-21
SID1490,Deanna Taylor,North,Clothing,Dress,4,198.76,795.04,2023-10-20
SID1491,Jennifer Gibbs,West,Electronics,Headphones,2,255.83,511.66,2023-09-25
SID1492,Brian Jones,North,Clothing,Shirt,4,120.34,481.36,2024-11-01
SID1493,Andrew Pittman,South,Furniture,Bed,2,444.33,888.66,2024-01-24
SID1494,Justin Zimmerman,North,Clothing,Jeans,8,49.97,399.76,2023-12-19
SID1495,Tonya Ross,West,Clothing,Jeans,9,290.53,2614.77,2024-11-18
SID1496,Jessica Moore,North,Furniture,Sofa,8,321.82,2574.56,2025-02-13
SID1497,Hannah Cooke,North,Groceries,Eggs,4,352.52,1410.08,2025-05-26
SID1498,John Edwards,South,Clothing,Dress,4,261.38,1045.52,2023-11-11
SID1499,Matthew Hammond,North,Electronics,Laptop,4,229.6,918.4,2023-10-07
SID1500,Erin Brennan,East,Groceries,Eggs,7,167.88,1175.16,2025-04-02
SID1501,Amanda Carr,North,Electronics,Smartphone,8,188.43,1507.44,2024-03-18
SID1502,Carol Hill,South,Clothing,Jeans,7,461.11,3227.77,2024-01-07
SID1503,Hannah Cole,East,Electronics,Headphones,5,76.27,381.35,2024-06-21
SID1504,Sandra Martinez,North,Clothing,Shirt,9,164.13,1477.17,2024-11-07
SID1505,Yesenia Thompson,West,Groceries,Bread,4,497.38,1989.52,2024-02-07
SID1506,Megan Mitchell,North,Furniture,Bed,1,75.65,75.65,2023-08-21
SID1507,Margaret Adams,West,Groceries,Bread,9,98.07,882.63,2025-06-10
SID1508,Emily Levine,West,Groceries,Bread,10,78.56,785.6,2024-12-23
SID1509,Amber Erickson,South,Groceries,Bread,2,471.18,942.36,2025-05-24
SID1510,Kellie Green,East,Furniture,Bed,3,420.32,1260.96,2023-09-16
SID1511,Jennifer Aguilar,North,Furniture,Chair,6,325.46,1952.76,2024-02-16
SID1512,Susan Patel,North,Electronics,Headphones,4,262.61,1050.44,2025-06-24
SID1513,Bryce Brooks,East,Electronics,Headphones,5,369.88,1849.4,2024-09-11
SID1514,Michael Woods,South,Furniture,Table,4,314.53,1258.12,2023-08-27
SID1515,Eric Summers,South,Furniture,Table,1,117.1,117.1,2025-07-06
SID1516,Jeffrey Barry,North,Clothing,Jeans,2,57.27,114.54,2024-05-11
SID1517,Belinda Wright,West,Groceries,Cereal,10,391.13,3911.3,2024-03-09
SID1518,Jeffrey Terry,West,Electronics,Smartphone,3,414.62,1243.86,2025-07-23
SID1519,Michael Dickerson,West,Electronics,Tablet,6,130.7,784.2,2024-05-07
SID1520,Chris Lindsey,South,Furniture,Chair,5,328.19,1640.95,2025-04-07
SID1521,Juan Wright,South,Electronics,Laptop,4,436.94,1747.76,2023-08-25
SID1522,Sean Bowen,West,Furniture,Sofa,1,383.78,383.78,2025-07-22
SID1523,Terri Sanchez,West,Clothing,Jacket,10,329.61,3296.1,2024-10-11
SID1524,Roy Maldonado,East,Clothing,Jacket,2,225.35,450.7,2025-03-04
SID1525,William Evans,South,Clothing,Jacket,5,46.92,234.6,2025-06-07
SID1526,Michelle Smith,West,Furniture,Chair,7,483.19,3382.33,2024-07-26
SID1527,Sarah Brown,West,Electronics,Tablet,9,312.89,2816.01,2023-12-12
SID1528,James Cruz,East,Furniture,Table,3,419.54,1258.62,2024-09-15
SID1529,Cameron Miller Jr.,West,Electronics,Headphones,5,102.93,514.65,2025-05-05
SID1530,Alexandra Burgess,East,Groceries,Cereal,3,306.3,918.9,2024-02-08
SID1531,Joanna Hill,North,Clothing,Shirt,4,172.75,691.0,2024-06-19
SID1532,Mary Scott,South,Electronics,Headphones,5,164.69,823.45,2023-10-02
SID1533,Brooke Sanchez,North,Groceries,Cereal,3,481.25,1443.75,2024-01-14
SID1534,Pamela Brown,East,Clothing,Jacket,8,223.5,1788.0,2025-04-23
SID1535,Jeremy Hayes,North,Furniture,Bed,7,185.49,1298.43,2025-03-30
SID1536,Mary Greene,West,Electronics,Headphones,3,52.55,157.65,2025-06-17
SID1537,Alexis Hernandez,North,Furniture,Table,7,320.35,2242.45,2025-01-02
SID1538,Ronald Evans,East,Furniture,Chair,5,302.39,1511.95,2024-12-14
SID1539,Brandi Mendoza,East,Groceries,Milk,9,336.05,3024.45,2025-02-24
SID1540,Savannah Franklin,East,Electronics,Laptop,1,51.12,51.12,2024-04-23
SID1541,Jeremiah Alvarez,West,Furniture,Table,4,190.37,761.48,2024-03-20
SID1542,Meredith Rivera,North,Groceries,Bread,8,203.16,1625.28,2025-05-27
SID1543,Jamie Riley,East,Electronics,Smartphone,6,363.74,2182.44,2025-01-25
SID1544,Elizabeth Briggs,East,Electronics,Tablet,2,55.67,111.34,2024-10-15
SID1545,Chelsea Robinson,West,Electronics,Laptop,2,343.59,687.18,2024-09-06
SID1546,Charles Harper,South,Clothing,Jeans,8,132.63,1061.04,2025-03-13
SID1547,Paula Hunter,North,Furniture,Chair,9,192.36,1731.24,2025-05-06
SID1548,Sylvia Green,West,Electronics,Tablet,2,317.01,634.02,2024-03-25
SID1549,Matthew Williams,East,Clothing,Jacket,7,118.62,830.34,2025-02-20
SID1550,David Vazquez,South,Clothing,Dress,1,296.56,296.56,2023-08-18
SID1551,Brian Scott,West,Groceries,Eggs,9,160.35,1443.15,2025-04-11
SID1552,Samantha Robinson,South,Groceries,Eggs,5,388.82,1944.1,2025-06-29
SID1553,Christopher Sheppard,East,Clothing,Dress,6,323.13,1938.78,2024-05-09
SID1554,Debra Craig,North,Furniture,Sofa,4,15.4,61.6,2024-12-26
SID1555,Lawrence Hebert,East,Furniture,Table,4,409.11,1636.44,2025-05-10
SID1556,Tonya Young,West,Clothing,Shirt,8,209.9,1679.2,2025-05-04
SID1557,Mr. Henry Perkins DDS,South,Furniture,Sofa,1,102.71,102.71,2025-01-28
SID1558,Christopher Wheeler,West,Electronics,Headphones,3,331.55,994.65,2024-03-02
SID1559,Daniel Mccall,West,Groceries,Bread,2,216.9,433.8,2024-01-03
SID1560,Robert Crawford,West,Groceries,Milk,4,310.25,1241.0,2023-11-29
SID1561,Kathy Willis,North,Furniture,Sofa,2,491.31,982.62,2025-08-03
SID1562,Cristina Smith,South,Groceries,Cereal,7,193.58,1355.06,2024-07-07
SID1563,Amanda Holland,West,Groceries,Cereal,7,279.13,1953.91,2025-07-26
SID1564,Bradley Collins,West,Groceries,Cereal,3,202.55,607.65,2024-12-07
SID1565,Tammy Harvey,East,Furniture,Sofa,8,276.09,2208.72,2025-02-08
SID1566,Wesley Stewart,West,Furniture,Table,6,23.44,140.64,2024-12-26
SID1567,Katelyn Olson,East,Furniture,Sofa,2,342.45,684.9,2025-07-12
SID1568,Steven Miller,South,Clothing,Dress,1,314.33,314.33,2025-04-19
SID1569,Stephanie Hunt,South,Clothing,Dress,2,388.99,777.98,2024-10-11
SID1570,Lisa Fisher,West,Electronics,Laptop,3,9.91,29.73,2023-12-05
SID1571,Jennifer Martinez,East,Furniture,Table,5,201.44,1007.2,2024-12-26
SID1572,Patricia Rodriguez,North,Electronics,Laptop,8,83.14,665.12,2025-03-26
SID1573,Cody Stuart,East,Electronics,Headphones,5,368.19,1840.95,2024-03-19
SID1574,Ariel Duran,East,Groceries,Cereal,1,295.06,295.06,2024-02-23
SID1575,Brian Kelly,East,Groceries,Cereal,2,34.63,69.26,2025-05-05
SID1576,Angela Williams,South,Clothing,Dress,5,276.36,1381.8,2023-08-15
SID1577,Tiffany Beasley,North,Furniture,Chair,7,25.02,175.14,2024-06-15
SID1578,William Blackwell,North,Groceries,Milk,5,157.87,789.35,2024-04-03
SID1579,Brenda Warner,South,Electronics,Smartphone,3,438.11,1314.33,2024-12-16
SID1580,Victoria Williams,South,Furniture,Chair,10,73.93,739.3,2024-06-19
SID1581,Stephanie Williams,North,Electronics,Smartphone,2,305.73,611.46,2025-04-02
SID1582,Justin Warner,North,Clothing,Shirt,8,219.25,1754.0,2024-06-14
SID1583,William Whitaker,South,Furniture,Bed,9,364.93,3284.37,2024-10-01
SID1584,Russell Johns,West,Electronics,Laptop,6,366.29,2197.74,2023-11-24
SID1585,Stephanie Newman,South,Clothing,Shirt,9,479.32,4313.88,2024-11-03
SID1586,Sandra Ray,East,Electronics,Headphones,6,266.67,1600.02,2024-03-14
SID1587,Daniel Cohen,North,Furniture,Sofa,4,285.16,1140.64,2025-06-05
SID1588,Amber Ayala,East,Clothing,Dress,6,368.92,2213.52,2023-09-27
SID1589,Margaret Moore,East,Groceries,Milk,1,5.61,5.61,2023-11-21
SID1590,Katie Mays,West,Clothing,Jeans,3,62.34,187.02,2023-10-31
SID1591,Abigail Hoover,South,Furniture,Table,5,483.08,2415.4,2025-05-15
SID1592,Kenneth Brown,East,Electronics,Laptop,6,407.55,2445.3,2024-05-19
SID1593,Jerry Fleming,South,Clothing,Shirt,9,397.65,3578.85,2024-08-03
SID1594,Angela Stewart,South,Groceries,Eggs,4,319.22,1276.88,2024-05-28
SID1595,Kimberly Arnold,West,Groceries,Cereal,2,478.92,957.84,2024-09-09
SID1596,Daniel Newman,North,Groceries,Milk,6,119.63,717.78,2025-05-08
SID1597,Emily Suarez,North,Furniture,Sofa,3,460.29,1380.87,2023-11-23
SID1598,James Cunningham,North,Groceries,Milk,6,326.04,1956.24,2024-12-31
SID1599,Derek Turner,North,Groceries,Bread,3,130.43,391.29,2025-08-01
SID1600,Monica Morales,North,Clothing,Dress,4,436.46,1745.84,2025-04-27
SID1601,Michael Dean,North,Furniture,Sofa,1,132.74,132.74,2024-09-05
SID1602,Richard Johnson,South,Clothing,Jacket,3,445.47,1336.41,2024-05-28
SID1603,Holly Sparks,South,Clothing,Shirt,9,377.78,3400.02,2023-08-09
SID1604,Billy Rodriguez,East,Furniture,Bed,10,311.44,3114.4,2024-07-07
SID1605,Dana Johnson,North,Groceries,Eggs,2,386.83,773.66,2024-09-01
SID1606,Andrew Howard,South,Furniture,Sofa,3,242.55,727.65,2024-05-14
SID1607,Derrick Webb,West,Furniture,Chair,4,309.25,1237.0,2025-07-14
SID1608,Jennifer Shepherd,West,Furniture,Bed,3,81.16,243.48,2025-03-23
SID1609,Matthew Newton,South,Furniture,Bed,4,130.09,520.36,2025-06-23
SID1610,Robert Mckenzie,South,Electronics,Tablet,3,53.88,161.64,2025-02-17
SID1611,Andrew Rodgers,West,Groceries,Bread,7,132.02,924.14,2024-09-15
SID1612,Tanya Whitaker,East,Groceries,Cereal,8,234.73,1877.84,2025-01-25
SID1613,Shawn Webb,West,Groceries,Eggs,5,362.24,1811.2,2025-07-13
SID1614,Jesse Dean,South,Electronics,Headphones,9,473.91,4265.19,2025-05-06
SID1615,Carrie Alexander,North,Furniture,Sofa,7,362.57,2537.99,2024-10-26
SID1616,Jeffrey Hammond,North,Furniture,Chair,5,357.67,1788.35,2025-06-05
SID1617,Kayla Myers,East,Electronics,Headphones,7,474.39,3320.73,2024-05-16
SID1618,David Scott,West,Furniture,Bed,9,373.33,3359.97,2024-02-07
SID1619,Sharon Dyer,East,Clothing,Shirt,10,181.09,1810.9,2024-07-22
SID1620,George Schultz,West,Furniture,Chair,4,53.21,212.84,2024-04-10
SID1621,Ryan Scott,South,Clothing,Dress,6,423.78,2542.68,2023-12-16
SID1622,Michelle Wilson,South,Furniture,Sofa,8,173.86,1390.88,2025-07-20
SID1623,Daniel White,North,Electronics,Tablet,9,135.58,1220.22,2024-05-08
SID1624,Michelle Davis,North,Groceries,Bread,9,74.13,667.17,2024-08-23
SID1625,Elizabeth Hill,West,Groceries,Bread,1,18.35,18.35,2024-01-07
SID1626,Jason Simon,South,Electronics,Smartphone,3,316.29,948.87,2023-09-06
SID1627,Craig Guerra,South,Groceries,Milk,5,181.59,907.95,2025-05-22
SID1628,Angela Mason,North,Furniture,Sofa,1,168.27,168.27,2025-01-19
SID1629,Dr. Samuel Newton,East,Electronics,Tablet,5,498.14,2490.7,2025-01-28
SID1630,Janice Boyer,South,Clothing,Shirt,8,205.45,1643.6,2023-11-01
SID1631,Felicia Moore,West,Electronics,Headphones,5,472.11,2360.55,2024-02-26
SID1632,Kristin Parker,South,Furniture,Bed,3,217.46,652.38,2025-07-02
SID1633,Thomas Brooks,South,Furniture,Table,5,40.5,202.5,2025-01-10
SID1634,Bobby Beltran,West,Furniture,Sofa,6,149.23,895.38,2024-12-03
SID1635,William Bond,South,Groceries,Bread,3,233.28,699.84,2024-10-29
SID1636,Tina Velasquez,West,Groceries,Bread,8,81.4,651.2,2023-10-17
SID1637,Cynthia Williams,South,Groceries,Bread,2,332.16,664.32,2023-10-17
SID1638,Monica Davis,East,Groceries,Eggs,2,60.66,121.32,2024-11-02
SID1639,Michelle Barton,North,Groceries,Eggs,6,428.71,2572.26,2024-10-24
SID1640,Tammy Schmidt,South,Clothing,Jacket,3,89.03,267.09,2025-06-05
SID1641,Diamond Moore,East,Furniture,Table,2,357.93,715.86,2023-12-24
SID1642,Courtney Anderson,West,Electronics,Smartphone,7,373.39,2613.73,2024-01-28
SID1643,Richard Thomas,North,Furniture,Bed,3,354.91,1064.73,2024-11-24
SID1644,Blake Villanueva,North,Electronics,Laptop,2,418.29,836.58,2024-12-31
SID1645,Tristan Gonzalez,South,Groceries,Milk,10,292.4,2924.0,2024-11-03
SID1646,Joshua Castillo,East,Groceries,Cereal,3,267.88,803.64,2023-11-10
SID1647,Natalie Miller,South,Groceries,Bread,7,134.14,938.98,2025-02-13
SID1648,Sarah Delacruz,East,Clothing,Shirt,4,320.46,1281.84,2025-04-09
SID1649,Connie Shannon,East,Furniture,Chair,6,260.59,1563.54,2025-05-04
SID1650,Kenneth Smith,West,Furniture,Chair,3,177.83,533.49,2023-11-10
SID1651,Joshua Gordon,West,Clothing,Jeans,2,67.2,134.4,2024-01-21
SID1652,Joyce Beck,North,Furniture,Chair,6,377.05,2262.3,2024-07-12
SID1653,Matthew Gross,East,Groceries,Bread,4,122.25,489.0,2025-01-09
SID1654,Ashlee Henry,West,Furniture,Sofa,10,487.22,4872.2,2024-05-03
SID1655,Tracy Robinson,South,Groceries,Eggs,1,313.37,313.37,2024-10-06
SID1656,Christopher Wilson,North,Groceries,Bread,9,276.47,2488.23,2024-11-04
SID1657,Anna Phelps,West,Groceries,Cereal,3,59.29,177.87,2025-02-09
SID1658,Suzanne Thomas,East,Furniture,Bed,6,306.06,1836.36,2024-02-23
SID1659,Kimberly Juarez,North,Clothing,Jacket,8,76.69,613.52,2023-12-19
SID1660,Deborah Mccann,North,Furniture,Table,1,46.6,46.6,2024-05-22
SID1661,Hailey Huffman,East,Clothing,Shirt,1,163.96,163.96,2025-02-25
SID1662,Kirsten Barton,South,Clothing,Shirt,1,380.4,380.4,2025-02-07
SID1663,Brittany Johnson,East,Groceries,Cereal,9,311.7,2805.3,2024-11-25
SID1664,Philip Hinton,South,Furniture,Table,7,361.26,2528.82,2024-01-14
SID1665,James Miller,South,Electronics,Headphones,1,210.38,210.38,2024-09-22
SID1666,Jonathon Owens,East,Electronics,Laptop,6,376.45,2258.7,2024-12-23
SID1667,Dakota Allen,East,Furniture,Sofa,9,209.61,1886.49,2024-11-10
SID1668,Benjamin Poole,East,Groceries,Eggs,8,396.72,3173.76,2024-01-16
SID1669,Colleen Davis,East,Furniture,Sofa,7,496.02,3472.14,2025-07-22
SID1670,Kayla Munoz,West,Electronics,Laptop,8,377.6,3020.8,2024-10-04
SID1671,Margaret Reynolds,South,Furniture,Table,3,241.27,723.81,2024-06-05
SID1672,Susan Chambers,South,Clothing,Shirt,5,253.79,1268.95,2024-08-04
SID1673,Lindsey Johnson,South,Clothing,Dress,2,243.22,486.44,2024-04-28
SID1674,Dr. Michaela Johnson,North,Furniture,Table,2,422.62,845.24,2024-01-04
SID1675,Joseph Lewis,South,Electronics,Smartphone,2,442.11,884.22,2023-08-09
SID1676,Jesse Davis,North,Clothing,Jeans,6,186.27,1117.62,2024-03-05
SID1677,Donna Murphy,South,Furniture,Bed,3,171.15,513.45,2025-02-13
SID1678,Stephanie Evans,South,Clothing,Dress,10,147.05,1470.5,2025-01-06
SID1679,Caleb Crawford,South,Furniture,Chair,4,470.52,1882.08,2024-11-21
SID1680,Anita Callahan,East,Clothing,Jacket,5,397.27,1986.35,2024-06-16
SID1681,Cynthia Smith,North,Clothing,Dress,6,275.39,1652.34,2024-03-10
SID1682,Ryan Wood,West,Furniture,Chair,1,98.36,98.36,2025-01-10
SID1683,Jordan Flores,East,Clothing,Jacket,7,296.65,2076.55,2025-02-16
SID1684,Steven Randall,South,Electronics,Headphones,10,249.13,2491.3,2024-01-06
SID1685,Kelly Coleman DDS,North,Furniture,Chair,6,169.13,1014.78,2024-05-24
SID1686,Charles Jones,South,Groceries,Cereal,1,396.96,396.96,2024-12-04
SID1687,Kelsey Greer,North,Clothing,Jacket,8,423.09,3384.72,2024-08-18
SID1688,Kevin Walter,West,Furniture,Sofa,8,145.2,1161.6,2024-07-02
SID1689,Daniel David,East,Electronics,Headphones,2,70.25,140.5,2023-11-20
SID1690,Samuel Coleman,West,Groceries,Eggs,10,82.0,820.0,2023-12-21
SID1691,Elizabeth Harrison,North,Electronics,Tablet,3,209.98,629.94,2023-10-09
SID1692,Maria Garcia,South,Groceries,Bread,10,404.55,4045.5,2024-08-21
SID1693,Andrew Valencia,South,Electronics,Headphones,9,432.49,3892.41,2025-01-15
SID1694,Angelica Underwood,East,Furniture,Sofa,3,347.48,1042.44,2025-02-26
SID1695,Michele Mcguire,South,Clothing,Shirt,2,124.94,249.88,2023-12-08
SID1696,Bryan Carson,West,Furniture,Table,1,397.74,397.74,2025-02-19
SID1697,Caitlin Crawford,West,Groceries,Eggs,6,297.01,1782.06,2025-07-29
SID1698,Alexis Thomas,South,Electronics,Tablet,8,219.58,1756.64,2024-11-12
SID1699,Shelby Lin,West,Furniture,Chair,9,410.8,3697.2,2023-12-01
SID1700,Rita Vargas,South,Groceries,Bread,10,177.7,1777.0,2023-12-19
SID1701,Douglas Adams,North,Clothing,Jacket,4,405.4,1621.6,2024-08-01
SID1702,Deanna Barnes,East,Groceries,Cereal,3,154.39,463.17,2023-09-05
SID1703,Brenda Werner,North,Clothing,Dress,1,335.19,335.19,2023-09-18
SID1704,David Russell,South,Clothing,Dress,7,43.77,306.39,2025-07-07
SID1705,Edward Allen,North,Electronics,Laptop,6,372.49,2234.94,2025-03-28
SID1706,Nathan Wright,North,Clothing,Jeans,10,296.23,2962.3,2024-09-13
SID1707,Francisco Baxter,West,Furniture,Sofa,4,270.63,1082.52,2025-03-20
SID1708,Kenneth Kelley,South,Electronics,Smartphone,1,299.14,299.14,2023-11-12
SID1709,Michelle Rios,North,Furniture,Table,9,149.0,1341.0,2024-05-31
SID1710,Elizabeth Wallace,North,Clothing,Jacket,9,404.81,3643.29,2024-12-09
SID1711,Robert Green,East,Groceries,Eggs,9,397.03,3573.27,2025-03-27
SID1712,Jacob Cole,East,Electronics,Headphones,6,40.09,240.54,2024-05-30
SID1713,Jillian Welch,East,Groceries,Milk,5,284.22,1421.1,2025-03-25
SID1714,Marco Coleman,West,Electronics,Smartphone,10,455.01,4550.1,2024-11-20
SID1715,Natasha Lee,West,Electronics,Headphones,4,411.33,1645.32,2025-05-15
SID1716,Brian Cruz,West,Groceries,Milk,3,346.55,1039.65,2024-02-19
SID1717,Spencer Baker,South,Electronics,Smartphone,1,399.81,399.81,2024-06-12
SID1718,Jonathan Sampson,South,Furniture,Bed,10,91.75,917.5,2023-12-15
SID1719,Christine Green,East,Electronics,Smartphone,1,200.28,200.28,2025-02-03
SID1720,Ashley Johnson,West,Clothing,Dress,1,336.87,336.87,2024-03-31
SID1721,Nathan Lee,North,Clothing,Jacket,10,126.8,1268.0,2024-06-17
SID1722,Bethany Davidson,North,Furniture,Bed,9,487.23,4385.07,2024-02-14
SID1723,Nathan Kennedy,South,Clothing,Jacket,8,365.33,2922.64,2023-12-16
SID1724,Heather Sweeney,East,Clothing,Shirt,4,64.0,256.0,2024-06-17
SID1725,Brian Miller,West,Groceries,Eggs,3,94.35,283.05,2025-04-16
SID1726,Brendan Herring,North,Groceries,Milk,7,399.86,2799.02,2024-09-14
SID1727,Jasmine Castillo,West,Furniture,Table,7,393.77,2756.39,2024-06-04
SID1728,Anne Brown,East,Furniture,Table,9,317.76,2859.84,2025-05-18
SID1729,Christopher Ramirez,West,Electronics,Laptop,4,258.94,1035.76,2023-11-08
SID1730,Megan Smith,South,Clothing,Shirt,9,59.96,539.64,2023-11-24
SID1731,Gerald Morgan,South,Groceries,Milk,6,61.33,367.98,2025-05-22
SID1732,James Caldwell,East,Furniture,Sofa,1,383.95,383.95,2024-07-27
SID1733,Christopher Cole,West,Clothing,Shirt,9,112.0,1008.0,2023-08-15
SID1734,Brian Hardy,East,Groceries,Cereal,1,376.97,376.97,2024-04-02
SID1735,Kathryn Turner,East,Clothing,Jacket,2,348.72,697.44,2023-10-14
SID1736,Luis Yang,East,Furniture,Sofa,5,33.78,168.9,2024-02-10
SID1737,Ashley Martin,East,Electronics,Tablet,5,101.41,507.05,2023-12-10
SID1738,David Gallegos,West,Clothing,Jeans,4,98.07,392.28,2023-12-12
SID1739,Ronald Johnson,East,Electronics,Tablet,3,485.26,1455.78,2024-05-23
SID1740,Bryan Collins,West,Furniture,Chair,9,336.18,3025.62,2024-12-05
SID1741,Christine Cummings,North,Electronics,Tablet,4,258.04,1032.16,2024-01-29
SID1742,Kristopher Castro,South,Electronics,Headphones,9,179.7,1617.3,2024-05-15
SID1743,Mark Smith,East,Electronics,Tablet,5,91.11,455.55,2024-06-25
SID1744,Lindsey Campbell,South,Clothing,Jeans,2,241.41,482.82,2024-09-05
SID1745,Mark Hines,North,Groceries,Cereal,5,465.81,2329.05,2024-08-01
SID1746,Michelle King,North,Clothing,Dress,6,255.79,1534.74,2024-03-02
SID1747,Charlotte Walker,East,Furniture,Bed,8,162.85,1302.8,2024-07-28
SID1748,Alexander Wells,North,Furniture,Table,5,27.58,137.9,2025-04-07
SID1749,Donna Wright,West,Furniture,Table,2,382.63,765.26,2023-10-22
SID1750,Joseph Santana,East,Clothing,Jacket,2,215.54,431.08,2024-01-04
SID1751,Tiffany Guzman,West,Electronics,Smartphone,7,493.16,3452.12,2024-10-05
SID1752,John Mcclain,North,Groceries,Bread,4,85.71,342.84,2025-04-10
SID1753,Jessica Smith,South,Electronics,Laptop,5,182.38,911.9,2024-10-17
SID1754,John Anderson,South,Furniture,Table,10,301.43,3014.3,2023-10-11
SID1755,Melissa Everett,North,Groceries,Bread,1,170.7,170.7,2024-06-13
SID1756,Christine Patterson,North,Groceries,Bread,2,368.69,737.38,2024-09-29
SID1757,Patrick Stevenson,North,Furniture,Bed,5,170.9,854.5,2023-08-06
SID1758,Edward Duran,East,Clothing,Shirt,7,133.17,932.19,2025-06-23
SID1759,Jennifer Padilla,North,Clothing,Jacket,5,362.88,1814.4,2025-01-29
SID1760,William Miller,West,Furniture,Table,1,337.34,337.34,2024-05-24
SID1761,Jane Newman,East,Groceries,Eggs,5,224.62,1123.1,2025-03-17
SID1762,Crystal Washington,East,Groceries,Bread,6,366.71,2200.26,2024-06-10
SID1763,Lori Reid,East,Furniture,Table,1,199.93,199.93,2025-01-08
SID1764,Mr. Roger Hardin,North,Furniture,Chair,9,428.03,3852.27,2024-06-05
SID1765,Valerie Ritter,South,Groceries,Milk,7,75.97,531.79,2025-05-12
SID1766,Mindy Turner,East,Electronics,Tablet,4,378.14,1512.56,2024-10-02
SID1767,Jason Mcintyre,East,Clothing,Shirt,4,335.51,1342.04,2024-12-17
SID1768,Hannah Coleman,West,Groceries,Milk,2,233.12,466.24,2024-07-11
SID1769,Michael Branch,North,Clothing,Jeans,8,10.38,83.04,2024-01-30
SID1770,Mario Moore,North,Clothing,Shirt,2,188.06,376.12,2025-05-03
SID1771,Sherry Parsons,East,Clothing,Jeans,8,131.41,1051.28,2023-12-19
SID1772,Amanda Banks,North,Groceries,Cereal,10,255.38,2553.8,2023-12-21
SID1773,Joseph Barr,North,Clothing,Jeans,4,481.69,1926.76,2025-01-12
SID1774,Jeffrey Roberts,North,Clothing,Shirt,1,302.23,302.23,2024-07-11
SID1775,Joseph Moore,East,Furniture,Bed,8,200.76,1606.08,2023-12-04
SID1776,Ashley Wilson,East,Clothing,Jeans,10,153.25,1532.5,2025-04-27
SID1777,Morgan Torres,South,Furniture,Chair,8,287.47,2299.76,2024-06-02
SID1778,Robert Rivera,North,Furniture,Sofa,9,332.93,2996.37,2024-07-27
SID1779,Preston Dawson,West,Groceries,Eggs,9,137.27,1235.43,2024-03-19
SID1780,Timothy Schultz,West,Electronics,Tablet,6,345.56,2073.36,2024-10-02
SID1781,Jamie Jones,East,Groceries,Milk,2,421.34,842.68,2023-09-04
SID1782,Timothy Wood,North,Electronics,Laptop,10,338.2,3382.0,2024-03-19
SID1783,Aaron Weber,North,Electronics,Smartphone,5,375.62,1878.1,2023-12-03
SID1784,Shawna Harrison,East,Electronics,Headphones,4,140.8,563.2,2023-10-06
SID1785,Alicia Newton,West,Groceries,Bread,7,303.69,2125.83,2023-11-16
SID1786,Angela Jones,East,Groceries,Eggs,1,380.5,380.5,2025-03-29
SID1787,Christina Garcia,West,Electronics,Tablet,2,81.02,162.04,2024-08-16
SID1788,Brian Robbins,South,Groceries,Eggs,5,314.24,1571.2,2024-07-15
SID1789,Dr. Carol Garcia,North,Clothing,Dress,8,133.23,1065.84,2025-05-29
SID1790,Samuel Dixon,East,Electronics,Laptop,9,30.85,277.65,2023-10-05
SID1791,Tina Cross,East,Groceries,Eggs,6,33.23,199.38,2024-10-06
SID1792,Nicholas Vang,East,Clothing,Jacket,8,26.94,215.52,2025-06-30
SID1793,Thomas Hoffman,North,Groceries,Eggs,10,315.27,3152.7,2024-10-21
SID1794,Susan Allen,South,Groceries,Milk,8,416.37,3330.96,2025-01-23
SID1795,Larry Horn,West,Groceries,Eggs,5,248.11,1240.55,2024-05-12
SID1796,Terri Wagner,North,Clothing,Jeans,6,483.53,2901.18,2023-08-20
SID1797,Charles Yang,North,Electronics,Headphones,8,397.06,3176.48,2025-01-23
SID1798,Steven Lopez,East,Groceries,Milk,1,232.31,232.31,2025-05-08
SID1799,John Martinez DVM,West,Clothing,Jeans,8,55.83,446.64,2025-04-29
SID1800,Andrew Lowery,North,Electronics,Tablet,2,72.9,145.8,2024-05-02
SID1801,Erica Galloway,East,Groceries,Cereal,9,331.99,2987.91,2023-10-16
SID1802,Kathleen Chen,East,Electronics,Tablet,8,294.27,2354.16,2024-04-09
SID1803,Brian Lambert,South,Groceries,Bread,1,371.19,371.19,2024-02-08
SID1804,James Garcia,South,Furniture,Chair,7,162.75,1139.25,2024-03-04
SID1805,Wanda Grant,East,Electronics,Laptop,1,411.03,411.03,2023-08-28
SID1806,Crystal Johnson,West,Clothing,Jeans,10,248.76,2487.6,2025-03-14
SID1807,Devin Marsh,North,Furniture,Table,8,134.92,1079.36,2025-07-18
SID1808,Patrick Adams,South,Groceries,Eggs,6,314.99,1889.94,2023-10-04
SID1809,Mariah Smith DDS,North,Furniture,Chair,1,429.85,429.85,2024-01-27
SID1810,Vanessa Fuentes,North,Clothing,Jacket,10,86.69,866.9,2025-03-31
SID1811,Dawn House,South,Clothing,Jeans,2,74.08,148.16,2025-05-03
SID1812,Ashley Jimenez,East,Furniture,Bed,1,187.78,187.78,2025-06-11
SID1813,Leslie Russell,East,Electronics,Laptop,10,460.07,4600.7,2025-04-26
SID1814,Amanda Smith,East,Groceries,Eggs,2,493.22,986.44,2025-04-15
SID1815,Erin Wu,East,Groceries,Milk,7,97.92,685.44,2024-02-01
SID1816,Sabrina Melendez,South,Clothing,Jeans,9,96.82,871.38,2023-08-28
SID1817,Nicole Macdonald,North,Electronics,Tablet,10,293.45,2934.5,2024-07-21
SID1818,Mary Watkins,West,Clothing,Jacket,5,236.64,1183.2,2024-04-20
SID1819,Hannah Wilson,East,Clothing,Dress,7,183.39,1283.73,2025-04-10
SID1820,Jack Castillo,North,Clothing,Jacket,3,171.4,514.2,2025-07-03
SID1821,Michael Atkins,East,Groceries,Eggs,5,435.32,2176.6,2025-04-20
SID1822,Misty Welch,West,Clothing,Dress,4,103.86,415.44,2025-07-19
SID1823,Kyle Estrada,North,Furniture,Table,1,185.96,185.96,2025-07-27
SID1824,Paul Gutierrez,North,Furniture,Bed,10,405.29,4052.9,2024-06-03
SID1825,Michael James,South,Electronics,Headphones,5,314.3,1571.5,2024-07-14
SID1826,Nancy Day,West,Furniture,Chair,10,118.49,1184.9,2024-01-17
SID1827,Michael Moore,North,Furniture,Bed,7,465.07,3255.49,2024-10-18
SID1828,Thomas Curry,East,Groceries,Bread,3,431.99,1295.97,2023-10-19
SID1829,Danielle Sanders DDS,West,Electronics,Headphones,3,289.74,869.22,2024-12-16
SID1830,Joshua Coleman,West,Clothing,Jeans,5,13.8,69.0,2024-07-29
SID1831,Larry Scott,South,Groceries,Cereal,6,256.47,1538.82,2025-02-14
SID1832,Lawrence Johnson,East,Groceries,Milk,8,349.37,2794.96,2025-08-01
SID1833,Theresa Harris,West,Clothing,Jacket,1,432.07,432.07,2024-03-02
SID1834,Pam Bowen,West,Clothing,Shirt,4,426.73,1706.92,2023-08-20
SID1835,Bradley Yates,South,Clothing,Jacket,10,401.94,4019.4,2025-02-07
SID1836,Alyssa Shelton,West,Clothing,Dress,10,413.13,4131.3,2024-06-01
SID1837,Hannah Ruiz,South,Groceries,Cereal,10,360.36,3603.6,2024-07-14
SID1838,Morgan Yoder,South,Electronics,Headphones,7,175.76,1230.32,2024-10-26
SID1839,Kevin Johnson,South,Groceries,Cereal,5,201.6,1008.0,2024-05-06
SID1840,Jeffrey Robinson,West,Furniture,Table,3,250.81,752.43,2023-12-10
SID1841,Jody Anderson,West,Electronics,Headphones,4,265.69,1062.76,2025-07-29
SID1842,Ryan Dalton DVM,South,Electronics,Tablet,5,85.73,428.65,2024-08-17
SID1843,Sarah Henry,South,Groceries,Bread,3,176.82,530.46,2025-02-05
SID1844,Rebecca Walker,East,Electronics,Smartphone,3,499.0,1497.0,2023-09-07
SID1845,Jorge Long,East,Groceries,Eggs,3,35.24,105.72,2024-09-22
SID1846,Linda Parker,East,Electronics,Headphones,5,170.5,852.5,2023-11-12
SID1847,Brianna Peck,West,Electronics,Smartphone,1,174.03,174.03,2024-01-02
SID1848,John Miller,North,Furniture,Sofa,10,401.63,4016.3,2024-09-13
SID1849,Mark Hart,East,Furniture,Bed,2,298.33,596.66,2024-10-14
SID1850,Eric Mora,West,Groceries,Bread,1,9.58,9.58,2025-06-18
SID1851,Jacob Rivera,West,Groceries,Milk,6,406.16,2436.96,2025-06-18
SID1852,Michael Torres,South,Electronics,Smartphone,10,279.14,2791.4,2024-03-30
SID1853,Holly Townsend DDS,North,Groceries,Cereal,3,25.31,75.93,2024-08-06
SID1854,Mark Davis,North,Electronics,Tablet,4,440.75,1763.0,2025-05-28
SID1855,John Caldwell,South,Furniture,Table,6,49.81,298.86,2025-06-22
SID1856,Jeffrey Harris,West,Groceries,Bread,3,111.61,334.83,2024-06-28
SID1857,Cheryl Jones,East,Furniture,Table,4,10.65,42.6,2023-11-18
SID1858,Jack Marsh,East,Furniture,Table,9,55.36,498.24,2024-07-18
SID1859,Christopher Daugherty,South,Groceries,Eggs,9,120.57,1085.13,2025-02-01
SID1860,Daniel Moore,North,Electronics,Smartphone,5,218.94,1094.7,2024-09-23
SID1861,Jill Stewart,East,Electronics,Smartphone,6,168.66,1011.96,2023-10-10
SID1862,Carla Mcconnell,North,Electronics,Laptop,5,395.52,1977.6,2024-12-30
SID1863,Audrey Gray,East,Electronics,Headphones,8,78.84,630.72,2025-03-15
SID1864,Gary Gill,North,Clothing,Jeans,4,73.27,293.08,2023-08-05
SID1865,Matthew Fowler,West,Furniture,Bed,9,278.13,2503.17,2023-12-13
SID1866,Caitlin Benjamin,East,Clothing,Jeans,10,408.75,4087.5,2023-10-04
SID1867,Stephanie Mosley,South,Clothing,Jacket,2,227.34,454.68,2023-10-25
SID1868,Patrick Myers,West,Furniture,Sofa,8,99.35,794.8,2024-08-14
SID1869,Michelle Brown,West,Clothing,Jeans,10,204.97,2049.7,2023-10-30
SID1870,Bryan Powell,West,Groceries,Cereal,3,69.79,209.37,2025-06-26
SID1871,Brad Carpenter,East,Electronics,Laptop,10,452.47,4524.7,2024-01-19
SID1872,Stephanie Bruce,South,Electronics,Tablet,8,435.35,3482.8,2024-06-11
SID1873,Kiara Park,North,Furniture,Table,5,291.76,1458.8,2025-03-19
SID1874,Christopher Stokes,North,Groceries,Milk,7,464.09,3248.63,2024-02-22
SID1875,Cassandra Martin,East,Electronics,Smartphone,1,206.47,206.47,2025-02-16
SID1876,Mark Montoya,West,Furniture,Sofa,1,450.69,450.69,2025-03-21
SID1877,Noah Booth,North,Electronics,Headphones,5,398.6,1993.0,2024-12-27
SID1878,Evelyn Coleman,North,Groceries,Milk,1,177.78,177.78,2025-04-07
SID1879,Mrs. Amy Bailey DDS,North,Electronics,Smartphone,10,378.41,3784.1,2025-07-25
SID1880,Calvin Duran,South,Clothing,Dress,5,54.85,274.25,2024-07-06
SID1881,Paul Martinez,West,Electronics,Laptop,9,123.36,1110.24,2023-11-16
SID1882,Luis Edwards,West,Groceries,Cereal,4,30.29,121.16,2024-08-23
SID1883,Leah Walsh,West,Electronics,Laptop,3,199.94,599.82,2024-08-11
SID1884,Victoria Humphrey,North,Electronics,Laptop,4,437.51,1750.04,2025-03-26
SID1885,Marcus Howell,South,Clothing,Dress,8,213.08,1704.64,2023-12-21
SID1886,Jonathan Fletcher,South,Electronics,Headphones,3,351.77,1055.31,2023-10-28
SID1887,Christopher Williams,West,Electronics,Tablet,7,293.58,2055.06,2024-09-18
SID1888,Ms. Kristine Mclaughlin,North,Furniture,Sofa,9,119.51,1075.59,2024-05-21
SID1889,Emily Flynn,East,Groceries,Bread,6,462.73,2776.38,2024-01-27
SID1890,Dr. Brianna Bowen DVM,West,Clothing,Dress,5,149.54,747.7,2025-02-27
SID1891,Mr. Bradley Horn,East,Groceries,Eggs,4,422.37,1689.48,2025-05-27
SID1892,Seth Brown,South,Groceries,Bread,2,125.04,250.08,2025-07-08
SID1893,Cory Brown,South,Groceries,Bread,7,397.86,2785.02,2023-09-10
SID1894,Monique Jacobson,West,Groceries,Eggs,7,432.27,3025.89,2024-05-09
SID1895,Victoria Lynn,East,Furniture,Chair,3,321.18,963.54,2024-11-27
SID1896,Isabel Barnes,North,Groceries,Milk,7,199.55,1396.85,2024-06-03
SID1897,Linda Walker,West,Clothing,Shirt,7,215.65,1509.55,2023-08-09
SID1898,Nancy Perry,North,Furniture,Chair,5,462.61,2313.05,2025-03-28
SID1899,Kent Anderson,South,Electronics,Smartphone,3,480.9,1442.7,2025-07-11
SID1900,Emily Ramirez,East,Clothing,Jacket,7,74.17,519.19,2024-03-20
SID1901,Jodi Mills,South,Furniture,Table,2,138.35,276.7,2024-08-19
SID1902,Derek Berg,North,Clothing,Jeans,1,448.02,448.02,2024-07-13
SID1903,Evelyn Lambert,North,Furniture,Sofa,5,365.52,1827.6,2025-07-26
SID1904,Steven Ramirez,South,Furniture,Bed,10,485.34,4853.4,2025-01-26
SID1905,Ryan Reeves,East,Electronics,Laptop,1,263.21,263.21,2025-03-10
SID1906,Jeffrey Singh,West,Electronics,Tablet,1,476.34,476.34,2025-05-30
SID1907,Melanie Calhoun,West,Clothing,Jacket,7,34.26,239.82,2023-12-20
SID1908,Trevor Jackson,North,Furniture,Table,4,317.28,1269.12,2025-08-03
SID1909,Angela Huynh,North,Clothing,Dress,6,142.25,853.5,2024-08-28
SID1910,Carla Bond,South,Groceries,Eggs,2,444.18,888.36,2024-12-29
SID1911,Mr. David Schmitt,East,Electronics,Headphones,1,241.63,241.63,2023-11-02
SID1912,Amy Johnson,South,Furniture,Table,1,357.98,357.98,2025-02-26
SID1913,Rachel Sharp DVM,North,Clothing,Dress,4,153.86,615.44,2024-11-05
SID1914,Justin Lucas,East,Electronics,Laptop,1,288.3,288.3,2024-05-14
SID1915,James Martinez,East,Groceries,Cereal,10,144.67,1446.7,2024-10-22
SID1916,Christina Walker,North,Groceries,Bread,2,323.39,646.78,2024-11-09
SID1917,Lindsey Davis,South,Electronics,Laptop,3,172.29,516.87,2024-06-23
SID1918,Anna Mckee,North,Groceries,Eggs,6,130.69,784.14,2025-08-03
SID1919,Cassandra Watts,West,Electronics,Headphones,2,289.98,579.96,2024-03-05
SID1920,Erika Griffin,South,Furniture,Chair,2,362.39,724.78,2025-02-05
SID1921,Brett Davis,North,Furniture,Table,7,434.59,3042.13,2023-08-12
SID1922,Greg Wilkerson,North,Groceries,Cereal,5,144.93,724.65,2025-04-18
SID1923,Jeffrey Martinez,North,Furniture,Sofa,10,98.31,983.1,2023-09-23
SID1924,Mr. David Savage,North,Clothing,Dress,9,207.14,1864.26,2023-09-18
SID1925,Christopher Davis,North,Clothing,Jacket,9,106.98,962.82,2024-03-05
SID1926,Abigail Cain,South,Groceries,Eggs,7,70.05,490.35,2024-12-01
SID1927,Charles Grant,North,Groceries,Bread,8,150.72,1205.76,2024-10-17
SID1928,Patrick Kirk,North,Furniture,Bed,9,347.22,3124.98,2025-01-23
SID1929,James Hester,East,Clothing,Shirt,6,212.42,1274.52,2024-08-01
SID1930,Jared Johnson,North,Furniture,Sofa,10,81.82,818.2,2025-07-06
SID1931,Brian Roman,West,Groceries,Bread,1,486.18,486.18,2024-03-24
SID1932,Lawrence Burns,South,Groceries,Eggs,4,254.53,1018.12,2024-07-14
SID1933,Frederick Moore,South,Electronics,Headphones,4,106.64,426.56,2025-04-22
SID1934,Samuel Crane,South,Clothing,Dress,4,26.62,106.48,2025-04-21
SID1935,Angela Hancock,North,Furniture,Bed,7,316.92,2218.44,2024-09-04
SID1936,Sheila Mclean,South,Clothing,Jacket,5,329.63,1648.15,2024-12-14
SID1937,Susan Underwood,East,Groceries,Cereal,7,60.86,426.02,2024-04-23
SID1938,Timothy Ward,North,Electronics,Headphones,6,115.82,694.92,2024-11-04
SID1939,Bradley Allen,East,Electronics,Tablet,8,429.43,3435.44,2024-01-08
SID1940,Tanner Cordova,West,Groceries,Milk,1,38.69,38.69,2024-12-24
SID1941,Alyssa Vincent,West,Clothing,Dress,4,246.92,987.68,2024-04-16
SID1942,Kevin Ramos,West,Furniture,Table,3,494.65,1483.95,2024-09-10
SID1943,Tiffany Collins,South,Electronics,Headphones,6,477.04,2862.24,2024-07-15
SID1944,Ryan Liu,West,Electronics,Tablet,8,311.49,2491.92,2025-02-26
SID1945,Alexis Weiss,East,Furniture,Chair,3,128.95,386.85,2025-02-20
SID1946,Micheal Bond,West,Groceries,Cereal,10,5.96,59.6,2024-04-21
SID1947,Wesley Bailey,East,Electronics,Headphones,5,361.95,1809.75,2025-04-17
SID1948,Nicholas Campbell,West,Furniture,Chair,5,109.23,546.15,2025-04-23
SID1949,Barbara Fitzgerald,West,Furniture,Sofa,8,324.7,2597.6,2023-12-01
SID1950,David Lutz,South,Groceries,Milk,5,325.66,1628.3,2025-05-07
SID1951,Jared Estrada,North,Clothing,Jacket,2,92.72,185.44,2025-07-08
SID1952,Samantha House,West,Furniture,Bed,5,94.74,473.7,2024-06-18
SID1953,Michael Wright,North,Groceries,Eggs,7,28.62,200.34,2023-09-25
SID1954,Patrick Galloway,North,Electronics,Laptop,7,386.37,2704.59,2025-02-10
SID1955,Annette Jackson,North,Electronics,Headphones,8,300.48,2403.84,2025-06-30
SID1956,Larry Franklin,North,Groceries,Milk,3,239.7,719.1,2025-06-12
SID1957,Paula Lewis,West,Electronics,Smartphone,5,475.42,2377.1,2023-09-20
SID1958,Alan Williams Jr.,North,Clothing,Jeans,4,322.13,1288.52,2024-08-20
SID1959,Christina Carter,North,Electronics,Headphones,8,169.29,1354.32,2025-03-01
SID1960,Anita Watson DDS,West,Electronics,Smartphone,1,320.35,320.35,2025-04-09
SID1961,William Cook,North,Groceries,Milk,8,134.32,1074.56,2024-03-31
SID1962,Rebecca Carpenter,South,Clothing,Shirt,6,363.91,2183.46,2023-08-13
SID1963,Heather Murphy,South,Clothing,Jacket,9,127.73,1149.57,2024-03-08
SID1964,Hannah Garcia,West,Groceries,Milk,2,146.21,292.42,2024-10-15
SID1965,Andrew Smith,West,Groceries,Bread,2,189.07,378.14,2024-12-14
SID1966,Sabrina Smith,North,Electronics,Laptop,1,207.2,207.2,2024-02-01
SID1967,Laura Carter,North,Groceries,Eggs,4,377.44,1509.76,2023-08-07
SID1968,Kenneth Medina,East,Electronics,Smartphone,4,398.28,1593.12,2024-12-19
SID1969,Maureen Salinas,North,Electronics,Smartphone,5,131.65,658.25,2023-11-10
SID1970,Kyle Gross,North,Electronics,Headphones,4,136.09,544.36,2024-12-21
SID1971,Amanda Williams,East,Clothing,Shirt,6,184.1,1104.6,2024-06-13
SID1972,Carolyn James,East,Groceries,Milk,2,207.3,414.6,2025-01-05
SID1973,Jason Harris,South,Groceries,Milk,3,247.25,741.75,2024-09-06
SID1974,Linda Byrd,North,Clothing,Shirt,7,176.88,1238.16,2024-06-21
SID1975,William Williams PhD,North,Clothing,Jeans,10,120.51,1205.1,2024-04-22
SID1976,Clinton Gonzalez,South,Groceries,Cereal,1,314.91,314.91,2023-08-31
SID1977,Edward Morris,West,Furniture,Table,8,255.13,2041.04,2025-02-23
SID1978,Charles Ray,North,Clothing,Jacket,10,160.0,1600.0,2024-06-21
SID1979,Tony Salinas,East,Furniture,Chair,6,197.58,1185.48,2023-10-28
SID1980,Vanessa Mathews,West,Clothing,Jeans,6,467.95,2807.7,2024-08-24
SID1981,James Walker,West,Groceries,Bread,4,38.84,155.36,2025-03-17
SID1982,Justin Ramos,West,Clothing,Jeans,4,29.08,116.32,2024-11-29
SID1983,Heidi Williams,North,Electronics,Smartphone,10,276.54,2765.4,2024-11-25
SID1984,Cindy Ross,West,Groceries,Bread,3,182.05,546.15,2024-01-25
SID1985,Angela Rodriguez,West,Groceries,Eggs,5,483.87,2419.35,2025-06-17
SID1986,Alfred Wilson,South,Clothing,Dress,3,333.18,999.54,2024-11-26
SID1987,Whitney Montgomery,South,Furniture,Sofa,6,65.36,392.16,2023-12-21
SID1988,Dawn Cannon,East,Groceries,Eggs,4,65.53,262.12,2024-05-14
SID1989,Jose Espinoza,South,Groceries,Milk,2,350.68,701.36,2025-01-03
SID1990,Penny Hensley,North,Electronics,Headphones,8,37.47,299.76,2025-03-27
SID1991,David Adams,East,Clothing,Jeans,10,102.95,1029.5,2024-04-21
SID1992,Melissa Adams,North,Electronics,Tablet,5,425.88,2129.4,2024-05-18
SID1993,Amy Baker,North,Groceries,Milk,6,86.56,519.36,2023-10-26
SID1994,Cory Peterson,East,Furniture,Table,8,240.51,1924.08,2024-02-07
SID1995,Christina Cohen,West,Electronics,Tablet,1,45.76,45.76,2023-11-06
SID1996,Darlene Jackson,North,Electronics,Laptop,9,33.85,304.65,2024-04-29
SID1997,Alyssa Ferguson,West,Furniture,Chair,7,68.08,476.56,2023-09-06
SID1998,Melinda King,North,Groceries,Cereal,1,435.44,435.44,2025-02-04
SID1999,Eric Miller,South,Clothing,Jeans,10,92.84,928.4,2023-10-24
